"Fecha","Andalucia","Aragon","Canarias","Cantabria","Castilla y Leon","Castilla-La Mancha","Cataluna","Ceuta","Melilla","Comunidad de Madrid","Comunidad Foral de Navarra","Comunitat Valenciana","Extremadura","Galicia","Illes Balears","La Rioja","Pais Vasco","Principado de Asturias","Region de Murcia","Espana"
"8/19/2020","2.2","13.4","2.2","2","3.9","2.7","4.3","0","3.4","9.5","3.5","3.2","1.6","1.1","5.3","1.7","8.3","0.7","3.2","3.8"
"8/20/2020","2.1","13.6","2","2.2","4","2.9","4.2","0","4","9.8","3.2","3","1.2","1.1","5.6","2.3","9.1","0.7","3.6","3.926315789"
"8/21/2020","2.4","13.7","2.8","2.4","4.7","4","4.6","0.6","4.5","12","3.3","3.7","1.5","1.1","7.5","4.6","10","0.5","5.2","4.689473684"
"8/24/2020","2.6","13.1","3.1","2.6","5.1","4.3","4.6","0.6","4","12.8","3","3.6","1.6","1.3","8.6","4.6","9.7","0.6","5","4.778947368"
"8/25/2020","2.8","13.1","3.2","2.8","5.4","4.5","4.5","0.6","2.3","13.6","3.4","3.7","1.5","1.5","8.7","4.4","10.1","0.7","5.4","4.852631579"
"8/26/2020","3","13","3","3","6","5","4","1","2","13","4","4","2","1","9","5","10","1","5","4.947368421"
"8/27/2020","3","13","2","2","6","5","4","1","2","14","4","4","2","2","9","5","10","1","6","5"
"8/30/2020","4","13","5","3","7","7","5","2","5","16","4","4","2","2","11","7","11","2","8","6.210526316"
"8/31/2020","4","14","4","3","7","7","5","3","3","15","5","4","2","2","11","6","12","1","7","6.052631579"
"9/1/2020","4","12","4","4","7","7","5","3","3","15","3","4","2","2","11","7","11","1","7","5.894736842"
"9/2/2020","4","12","4","3","6","7","5","3","4","16","5","4","2","2","11","7","11","2","7","6.052631579"
"9/3/2020","5","12","5","3","6","8","4","3","3","15","5","4","2","3","11","7","11","1","7","6.052631579"
"9/6/2020","5","12","5","4","8","9","5","6","6","18","6","5","2","3","13","9","12","2","8","7.263157895"
"9/7/2020","5","12","5","4","7","9","5","4","NaN","18","6","5","2","3","13","9","11","2","8","7.111111111"
"9/8/2020","5","12","5","3","7","10","5","6","6","17","6","5","2","3","13","10","11","2","9","7.210526316"
"9/9/2020","6","12","5","4","6","10","5","5","8","18","6","5","2","3","12","9","12","2","9","7.315789474"
"9/10/2020","6","11","5","4","7","10","5","5","8","18","6","5","3","3","12","9","11","2","9","7.315789474"
"9/13/2020","7","12","5","5","9","12","5","4","9","21","7","5","4","3","12","11","12","2","10","8.157894737"
"9/14/2020","7","12","5","5","9","12","5","3","8","21","7","5","4","3","12","11","12","2","9","8"
"9/15/2020","7","12","5","5","9","13","5","3","8","22","7","5","4","3","11","11","12","2","9","8.052631579"
"9/16/2020","7","12","5","5","9","13","5","4","8","21","7","5","4","3","11","11","12","2","9","8.052631579"
"9/17/2020","7","12","5","5","10","13","5","4","8","22","8","5","4","3","11","12","11","2","9","8.210526316"
"9/20/2020","7","12","5","5","11","13","5","3","8","25","9","7","5","3","12","11","11","2","9","8.578947368"
"9/21/2020","7","13","5","5","11","14","6","3","8","25","10","5","6","3","11","11","11","2","8","8.631578947"
"9/22/2020","6.79","12.76","5.12","4.64","10.99","13.86","5.27","5.63","9.04","24.93","9.81","4.82","5.8","3.06","10.03","11.6","10.57","1.98","8.32","8.685263158"
"9/23/2020","6.97","11.73","4.98","4.07","11.26","13.8","5.21","7.5","9.04","26.14","10.02","4.75","6.34","3.06","15.98","11.03","10.44","1.95","8.17","9.075789474"
"9/24/2020","7.62","11.4","5.21","4.29","11.77","14.29","3.07","7.1","9.04","25.43","10.03","4.79","6.63","3.12","9.84","11.03","10.29","2.14","8.01","8.689473684"
"9/27/2020","7.62","11.94","5.21","4.23","13.3","14.48","5.51","8.57","9.04","25.96","10.52","4.74","7.36","3.05","10.09","9.74","10.6","2.25","9","9.116315789"
"9/28/2020","7.59","11.54","5.21","4.11","13.27","13.54","5.67","9.14","8.47","24.92","9.89","4.45","6.95","3.06","9.39","8.72","10.08","2.38","8.3","8.772631579"
"9/29/2020","7.42","10.4","5.42","4.04","13.11","13.58","6.23","9.2","6.21","24.22","9.12","4.17","6.48","2.91","8.56","9.74","10","2.29","8.15","8.486842105"
"9/30/2020","7.12","10.58","5.03","3.85","13.11","13.42","5.42","9.04","6.78","23.66","9.61","4","6.57","3.1","8.24","9.74","10.02","2.08","8.23","8.4"
"10/1/2020","7.05","10.31","5.06","3.91","12.69","12.8","5.55","10.11","6.21","22.9","8.99","3.96","5.92","2.94","7.96","3.08","9.82","2.37","8.12","7.881578947"
"10/4/2020","7.47","11.03","5.7","3.2","13.91","14","5.87","10.86","9.6","23.23","10.76","4.94","6.04","3.12","6.89","9.29","10.06","3.35","8.81","8.848947368"
"10/5/2020","7.45","10.08","5.8","3.4","13.25","13.42","5.84","10.11","10.17","22.32","9.81","4.25","5.39","3.1","7.09","9.3","10.12","3.32","9.71","8.627894737"
"10/6/2020","7.21","10.21","5.47","3.21","13.18","12.81","5.69","9.14","10.73","22.13","10.85","4.35","5.5","2.99","6.68","9.3","10.13","3.63","10.15","8.597894737"
"10/7/2020","7.07","10.49","5.39","2.82","13.86","12.25","6.52","10.61","11.3","21.1","11.07","4.16","5.09","3.06","6.27","9.42","9.99","3.98","8.52","8.577368421"
"10/8/2020","7.22","10.32","5.34","2.89","14.06","12.3","5.61","8.94","11.3","20.61","11.4","4.46","4.87","3.34","6.11","9.53","9.9","4.26","8.02","8.446315789"
"10/9/2020","7.22","10.32","5.34","2","14.06","12","5.61","8.94","12","20","11.4","4","5","3.34","5","9","9","5","8","8.275263158"
"10/12/2020","8.56","11.07","5.54","3.62","16.44","13.89","6.97","10.4","14.69","21","12.87","5.27","5.73","3.33","6.45","11.28","10.25","5.76","9.62","9.617894737"
"10/13/2020","8.59","11.98","5.58","3.21","15.95","13.64","7.55","11.3","16.95","20.36","12.17","5.41","5.69","3.44","6.21","11.63","10.32","6.27","9.13","9.756842105"
"10/14/2020","8.82","12.27","5.43","3.08","15.43","14.25","7.44","8.89","14.69","20.02","11.96","5.56","5.93","3.44","5.55","11.63","10.8","6.77","8.96","9.522105263"
"10/15/2020","9.05","12.7","5.29","2.95","15.56","13.86","7.73","9.04","16.95","19.81","10.32","5.58","5.95","4.02","4.9","12.44","10.34","7.44","9.33","9.645263158"
"10/18/2020","10","14.01","5.23","3.91","18.36","14.28","7.45","11.76","22.6","20.44","12.99","6.48","6.39","3.95","5.39","13.84","10.98","8.79","10.45","10.91052632"
"10/19/2020","10.37","9.11","5.27","4.19","18.72","14.41","9.87","12.77","23.73","19.85","13.55","6.84","6.71","4.2","5.66","13.95","11.24","9.81","11.04","11.12052632"
"10/20/2020","10.83","14.01","5.23","9.67","19.02","14.47","10.19","12.7","26.55","19.73","13.77","7.04","6.93","4.71","5.36","15","11.85","10.03","11.13","12.01157895"
"10/21/2020","11.27","15.04","5.2","4.06","19.43","15.12","10.68","14.89","22.03","20.35","14.64","7.38","7.19","4.94","5.57","15.47","12.18","10.24","10.79","11.91947368"
"10/25/2020","13.83","17.9","5.27","5.35","21.91","16.64","13.77","18.48","29.05","19.97","18.79","9.42","9.8","5.47","6.16","16.4","13.56","14.67","13.29","14.19631579"
"10/26/2020","14.71","18.69","5","5.66","22.19","16.37","14.21","18.28","30.17","19.48","18.3","9.62","9.64","5.79","6","17.33","13.9","14.73","13.07","14.37578947"
"10/27/2020","14.46","19.78","4.38","6.51","21.8","17.07","14.67","20.97","29.05","17.67","17.88","10.07","9.43","5.8","5.98","17.44","14.33","14.96","12.39","14.45473684"
"10/28/2020","15.14","20.36","4.34","7.18","22.41","17.63","15.2","21.62","26.82","17.55","18.96","10.35","10.16","5.91","6.35","17.44","14.34","15.65","12.58","14.73631579"
"10/29/2020","15.37","21.33","4.06","7.06","22.62","18.35","15.99","21.39","28.49","18.85","18.81","10.89","10.26","6.75","5.85","16.63","14.62","17.01","12.26","15.08368421"
"11/1/2020","16.72","22.24","4.01","9.52","23.17","20.59","17.1","23.16","30.17","17.57","19.74","12.65","11.27","6.63","6.68","17.67","16.6","17.67","13.54","16.14210526"
"11/2/2020","19.68","24.51","4.06","10.33","25.37","19.37","17.11","24.21","29.05","17.75","18.93","12.66","12.28","7.03","6.78","17.44","16.27","22.26","13.99","16.79368421"
"11/3/2020","19.11","24.94","4.23","10.2","25.28","19.57","17.56","22.58","26.26","17.64","19.18","13.02","12.88","6.72","7.92","18.72","16.32","23.63","14.03","16.83105263"
"11/4/2020","19.38","24.93","4.06","9.96","24.62","19.42","17.65","23.53","28.25","17.15","19.2","12.87","12.85","7.03","8.04","18.72","16.68","23.05","14","16.91526316"
"11/5/2020","19.37","23.63","3.91","9.74","24.86","19","17.85","21.51","27.37","16.64","18.8","13.13","12.98","7.15","8.22","16.16","16.68","23.27","14.17","16.54947368"
"11/8/2020","20.87","24.53","4.4","10.67","27.11","19.51","19.02","23.81","25.7","16.47","17.78","15.07","13.31","7.1","9.09","19.42","18.26","27.19","14.76","17.58263158"
"11/9/2020","20.76","24.3","4.28","11.96","26.6","19.41","17.48","20.53","26.26","16.49","16.6","14.94","13.75","7.13","8.85","20.7","18.22","27.08","14.64","17.36736842"
"11/10/2020","20.47","23.63","4.47","12.52","25.61","18.81","17.24","20.74","25.7","16.33","16.01","15.53","13.21","7.03","8.28","21.4","18.56","27.32","14.85","17.24789474"
"11/11/2020","20.17","23.88","4.53","12.7","25.38","18.44","17.06","24.08","26.26","15.35","15.16","15.07","11.9","7","8.63","21.16","17.83","27.98","14.74","17.22736842"
"11/12/2020","19.77","22.9","4.69","12.58","25.16","18.38","16","23.44","24.02","15.3","15.37","15.02","11.58","7.17","8.51","20.23","18","28.39","14.57","16.89894737"
"11/15/2020","19.9","22.25","4.46","13.01","26.05","18.24","16.64","19.02","22.91","15.38","15.63","15.78","10.83","7.59","8.44","22.79","19.15","30.21","14.37","16.98157895"
"11/16/2020","19.6","21.36","4.56","12.52","25.38","17.62","16.01","17.73","22.35","14.45","15.56","15.65","10.39","7.69","9.32","22.21","17.91","30.16","14.2","16.56157895"
"11/17/2020","18.51","20.42","4.51","12.93","24.3","16.78","15.48","16.75","17.88","14.08","14.88","15.59","10.72","6.84","8.96","21.16","18.48","29.87","13.39","15.87"
"11/18/2020","18.13","18.87","4.29","12.52","23.98","15.41","15.44","16.75","17.88","13.44","13.76","15.87","10.02","6.71","8.93","19.42","18.42","29.59","12.82","15.38157895"
"11/19/2020","17.4","17.83","4.08","11.83","21.58","15.52","14.6","16.92","15.64","13.23","13.46","15","10.27","6.5","8.76","18.02","18.21","28.56","11.7","14.69"
"11/22/2020","16.56","16.94","4.06","11.77","22.83","13.81","14.14","15","16.2","13.68","11.64","14.85","9.89","6.32","8.84","16.74","18.18","29.16","11.4","14.31631579"
"11/23/2020","16.01","16.42","4.23","10.52","21.62","12.97","13.08","14.36","16.2","12.1","10.64","13.83","9.39","6.35","8.5","15.58","17.54","28.1","10.93","13.59842105"
"11/24/2020","15.26","14.95","4.42","11.21","20.27","12.95","12.34","14","13.97","11.72","10","13.25","8.92","5.99","8.23","14.19","17.01","27.12","10.81","12.97947368"
"11/25/2020","14.33","14.05","4.06","11.64","19.39","12.36","12.12","13.37","13.41","11.27","9.89","12.86","8.57","5.85","8","13.26","15.86","25.18","10.07","12.39684211"
"11/26/2020","13.49","13.75","4.08","10.71","18.5","12.1","11.38","12.87","11.73","11.84","9.47","12.61","7.82","5.58","7.58","13.84","16.64","24.35","9.76","12.00526316"
"11/29/2020","12.51","14.02","4.12","10.96","18.53","13.02","11.59","9.9","12.85","11.51","8.8","12.23","9.42","5.46","7.66","15.23","16.59","24.62","9.45","12.02473684"
"11/30/2020","11.89","13.68","4.01","10.71","17.99","12.58","11.86","9.41","11.73","11.16","8.67","12.19","7.45","5.13","7.42","14.65","15.37","24.14","8.66","11.51052632"
"12/1/2020","11.55","13.18","4.08","11.02","16.6","12.38","10.8","9.9","9.5","10.61","8.39","11.89","6.64","4.75","7","12.79","14.98","23.88","8.18","10.95368421"
"12/2/2020","10.88","13.01","3.93","11.39","15.95","12.49","10.37","4.46","8.94","10.35","7.99","11.44","6.25","4.49","6.58","14.88","14.84","22.09","7.38","10.40578947"
"12/3/2020","10.21","12.6","4.23","11.46","15.42","11.87","9.93","4.46","8.38","10.1","7.28","10.7","5.99","4.76","6.14","13.02","14.28","22.14","6.76","9.985789474"
"12/8/2020","9.3","11.92","4.95","10.09","14.15","11.29","10.13","5.56","11.73","10.31","7.84","11.07","5.98","4.13","6.8","10.7","14.44","20.54","6.17","9.847368421"
"12/9/2020","8.98","11.56","5.05","9.84","13.9","11.54","10.18","5.47","11.17","9.73","7.4","10.53","5.42","3.99","6.92","9.65","13.78","19.77","5.91","9.515263158"
"12/10/2020","8.59","7.24","4.93","9.84","13.25","11.48","9.66","4.48","10.61","9.63","7.82","10.31","5.59","3.76","7.05","9.42","14.1","19.03","5.79","9.083157895"
"12/13/2020","8.3","10.1","5.52","9.74","12.15","12.08","10.2","5.58","8.38","11.02","7.42","10.82","5.56","4.12","7.79","10.74","13.85","16.93","5.75","9.265789474"
"12/14/2020","8.12","10.19","5.82","9.05","11.51","11.66","10.85","4.57","7.26","10.43","7.06","10.92","5.38","4.16","8.6","9.75","13.8","16.54","5.82","9.025789474"
"12/15/2020","7.81","9.98","5.83","8.54","11.75","11.41","9.95","5.58","7.26","10","7.28","10.89","5.19","3.89","9.18","8.77","13.37","14.21","5.62","8.763684211"
"12/16/2020","7.58","9.25","5.29","8.14","11.01","11.1","10.69","6.57","7.26","10.11","7.18","10.75","5.41","3.82","8.93","8.15","13.34","14.15","5.57","8.647368421"
"12/17/2020","7.33","9.27","5.57","7.76","10.79","10.73","10.34","6.57","7.82","10.86","7.2","10.85","5.6","3.85","8.62","7.41","12.95","12.92","5.49","8.522631579"
"12/20/2020","7","9","6","8","10","11","11","5","8","11","7","13","6","4","10","4","13","11","6","8.421052632"
"12/21/2020","6.93","8.84","5.5","7.39","10.09","11.08","10.91","4.55","6.7","10.8","6.54","13.35","6.09","4.22","10.78","7.28","12.72","11.13","5.8","8.457894737"
"12/22/2020","6.68","8.6","5.35","6.71","9.09","10.87","11.25","3.52","6.15","10.99","5.97","13.25","6.47","3.9","10.67","7.28","11.16","9.88","5.72","8.079473684"
"12/23/2020","5.98","7.7","5.31","5.47","8.56","9.64","10.84","2.54","6.15","10.69","5.24","13.36","6.09","3.74","10.72","7.28","10.6","8.7","5.34","7.576315789"
"12/27/2020","6.61","8.43","6.05","6.21","8.29","11.58","12.27","2.51","8.38","12.7","5.71","16.37","7.51","4.54","12.87","8.15","10.93","8.45","5.82","8.598947368"
"12/28/2020","6.36","8.49","6","5.36","7.6","12.41","12.3","1","7.26","11.59","6.02","16.83","7.95","4.09","12.75","8.27","10.49","8.3","5.92","8.367894737"
"12/29/2020","5.6","8.07","5.55","5.15","8.17","12.37","12.74","1.01","7.26","12.02","5.86","16.26","7.38","4.1","12.74","8.27","10.69","7.78","5.54","8.24"
"12/30/2020","5.57","7.51","5.22","5.63","7.64","11.53","12.36","0.5","6.15","11.54","5.48","16.12","6.94","4.14","12.26","7.78","10.33","7","5.29","7.841578947"
"1/3/2021","6.46","9.33","5.45","7.2","8.91","14.57","14.2","0.5","7.82","13.52","5.16","20.57","10.15","4.74","12.94","10.62","10.54","7.23","6.08","9.262631579"
"1/4/2021","6.74","10.63","5.31","6.65","8.78","14.92","14.43","1.51","8.38","14.03","5.32","20.68","10.79","4.78","13.27","9.26","10.14","7.02","7.14","9.462105263"
"1/6/2021","7.27","10.1","5.4","7.08","9.42","15.79","14.83","3.02","7.82","14.59","5.69","22.29","11.9","4.89","13.35","10.37","10.39","7.3","8.06","9.976842105"
"1/7/2021","7.64","10.6","5.52","7.52","9.41","16.22","15.17","3.52","7.26","14.79","5.98","23.34","12.5","4.62","13.27","10.12","10.27","6.97","8.64","10.17684211"
"1/10/2021","9.28","11.15","5.87","9.32","10.89","18.93","16.07","4.5","7.82","16.31","6.06","27.48","14.3","5.7","14.52","14.57","10.98","7.76","10.93","11.70736842"
"1/11/2021","10.09","11.35","5.95","9.63","11.67","19.72","16.18","6.03","7.26","16.77","6.2","27.9","14.8","5.83","14.38","14.81","10.98","8.16","12.93","12.13894737"
"1/12/2021","10.47","11.13","5.84","9.81","11.8","20.7","16.66","6.03","6.7","17.33","5.95","29","14.96","6.23","14.22","15.06","10.9","8.5","13.64","12.36473684"
"1/13/2021","11.4","11.85","5.55","10.5","12.36","22.41","16.62","9.55","6.15","17.72","6","30.12","15.05","6.56","14.19","15.43","11.51","8.71","14.96","12.98105263"
"1/14/2021","12.37","12.33","5.4","10.75","13.68","23.41","16.97","11.06","5.49","18.3","6","30.34","15.83","7.1","14.6","16.3","11.32","8.54","16.17","13.47157895"
"1/17/2021","15.72","14.1","5.65","12.67","17.2","28.86","18.66","10","8.79","21.18","6.94","37.28","19.27","9.29","16.58","22.1","12.3","9.68","20.55","16.14842105"
"1/18/2021","16.83","14.96","5.73","12.61","18.98","30.09","18.77","10.5","10.99","21.36","7.35","38.18","20.81","9.92","16.77","22.1","12.58","10.51","21.78","16.88526316"
"1/19/2021","17.69","15.23","5.84","12.05","20.94","30.04","19.16","11.5","13.74","22.51","7.77","38.6","20.71","10.38","16.8","24.2","13.01","10.95","23.72","17.62315789"
"1/20/2021","19.09","15.31","5.63","11.93","22.24","31.96","19.34","12.5","17.03","24.6","7.95","39.25","21.94","11.03","17.05","26.05","13.46","11.56","25.06","18.57789474"
"1/21/2021","20.01","16.1","5.52","12.86","24.3","32.59","19.78","13","18.68","25.79","8.7","39.96","22.39","11.78","16.87","27.16","14.22","12.18","25.44","19.33315789"
"1/24/2021","23.46","18.66","5.78","13.6","29.23","35.34","20.81","15.08","21.43","28.18","9.51","43.52","24.6","14.33","17.56","30.56","15.73","13.91","26.67","21.47157895"
"1/25/2021","23.78","18.37","5.98","13.73","30.76","35.49","20.79","14.5","19.23","27.9","9.33","43.73","23.89","15.32","17.36","30.7","15.26","14.57","26.09","21.40947368"
"1/26/2021","25.04","18.23","5.93","13.48","31.03","34.65","20.45","14.5","20.88","27.7","8.75","42.16","23.35","15.5","16.65","30.7","15.27","15.98","26.01","21.38210526"
"1/27/2021","25.6","17.79","5.82","13.11","31.38","34.23","20.25","11.94","19.23","27.81","8.81","41.54","23.05","16","16.77","30.47","15.37","16.49","25.52","21.11473684"
"1/28/2021","25.82","17.47","5.81","13.66","31.37","34","20.41","13.43","24.73","27.83","8.7","40.77","22.54","15.84","17.1","30.7","15.43","16.38","25.86","21.46578947"
"1/31/2021","28.01","18.34","6.22","13.84","32.61","34.24","20.52","15.42","24.18","29.15","9.37","41.74","20.9","17.17","16.83","30.11","18","19.52","25.28","22.18157895"
"2/1/2021","27.37","18.79","6","12.55","31.93","32.97","19.95","14.43","22.53","28.27","9.2","39.75","20.46","16.66","16.29","29.87","16.86","19.46","23.55","21.41526316"
"2/2/2021","27.21","18.05","6.19","11.31","31.32","31.94","19.34","14.93","23.08","27.7","9.1","37.75","19.38","16.03","16.03","30.59","17.11","19.83","22.92","21.04263158"
"2/3/2021","26.26","17.72","6.12","11.25","30.44","30.09","18.84","15.5","21.43","27.02","9.15","36.14","18.31","15.5","15.34","29.39","16.82","19.41","21.53","20.32947368"
"2/4/2021","25.81","17.51","6.21","10.88","30.26","28.65","18.12","14.57","20.33","27.07","9.14","34.33","17.2","15.42","13.97","29.63","16.61","18.84","20.04","19.71526316"
"2/7/2021","25.05","18.06","5.74","10.07","29.82","26.44","17.85","15.58","23.08","26.99","8.51","31.17","13.97","15.6","13.01","28.91","17.35","20.81","18.94","19.31315789"
"2/8/2021","24.01","17.3","5.83","9.64","28.83","24.86","16.75","14.14","21.43","25.62","8.42","28.77","12.59","15.46","12.05","27.24","16.14","20.1","16.72","18.20526316"
"2/9/2021","22.64","17.59","5.47","9.39","26.95","23.59","15.67","14.14","19.78","24.8","7.6","26.71","11.98","14.21","11.22","25.81","16.32","19.87","15.11","17.30789474"
"2/10/2021","21.46","16.75","5.16","9.27","25.51","21.37","14.88","13.64","19.23","24.27","7.51","24.39","10.6","13.01","10.64","24.97","15.74","19.95","14.56","16.46894737"
"2/11/2021","20.49","16.26","4.96","8.96","24.21","19.7","14.3","13.57","18.68","23.53","7.05","22.57","9.73","12.11","9.91","22.94","15.29","18.61","13.51","15.59894737"
"2/14/2021","18.94","15.94","5.01","9.27","22.39","17.09","14.51","14","19.78","22.87","6.69","20.05","8.66","11.69","8.87","20.07","15.16","19.13","11.72","14.83368421"
"2/15/2021","17.8","14.83","5.09","8.84","20.6","15.38","13.53","13.5","18.13","21.57","6.44","18.28","7.85","11.12","8.52","15.89","14.14","17.89","11.08","13.70947368"
"2/16/2021","16.5","13.55","5.04","8.53","19.09","14.08","12.74","14.5","15.93","20.5","6.08","16.65","7.45","10.34","7.93","14.46","13.55","16.86","9.98","12.82947368"
"2/17/2021","15.71","12.61","4.7","7.85","17.42","13.09","12.25","15","13.74","19.68","5.72","15.17","6.72","9.43","7.33","13.74","13.12","16.4","9.66","12.07052632"
"2/18/2021","14.45","11.97","4.47","8.41","16.57","11.81","11.93","16","13.74","18.79","5.77","14","6.23","8.8","7.29","12.9","13.21","15.43","9.13","11.62631579"
"2/21/2021","13.29","11.3","4.66","8.79","15.43","10.27","11.44","15.5","12.64","18.58","5.05","12.43","5.64","8","6.57","11.23","13.44","14.64","8.35","10.90789474"
"2/22/2021","12.49","10.81","4.68","8.85","14.61","9.87","10.93","15.35","10.44","16.86","4.94","11.49","4.99","6.97","6.25","10.63","12.01","13.78","7.41","10.17684211"
"2/23/2021","11.79","10.05","4.56","8.53","13.77","8.99","10.43","13.86","9.34","16.28","4.73","10.45","4.35","6.73","5.72","9.2","11.65","13.24","6.8","9.498421053"
"2/24/2021","11.15","9.56","4.32","8.09","12.79","8.36","10.05","12.38","10.99","15.61","4.53","9.89","3.61","6.4","5.64","8.24","11.58","12.79","6.15","9.059473684"
"2/25/2021","10.64","9.06","4.36","7.65","11.8","7.92","9.59","11.94","11.54","15.17","4.48","9.26","3.27","5.91","5.22","8.48","11.22","11.9","5.59","8.684210526"
"2/28/2021","9.96","8.83","4.71","7.65","10.92","7.03","9.6","14.14","10.99","15.04","3.76","8.7","2.65","5.66","4.6","8.24","11.38","11.56","5.33","8.460526316"
"3/1/2021","9.81","8.7","5.19","6.7","10.42","6.77","9.14","13.07","9.34","14.36","3.5","7.83","2.51","5.23","4.68","7.89","10.57","10.98","4.87","7.976842105"
"3/2/2021","9.3","8.05","5.27","6.38","9.81","6.22","8.67","12.06","9.34","14.12","3.86","7.12","2.01","4.87","4.3","6.93","10.3","11.02","4.87","7.605263158"
"3/3/2021","8.61","7.7","5.3","5.37","9.08","6.11","8.46","9.55","8.24","13.64","2.52","6.35","1.87","4.77","3.96","7.05","10.02","10.76","4.41","7.040526316"
"3/4/2021","8.33","7.45","5.3","5.09","8.57","5.81","8.17","9.5","9.89","13.49","3.61","6","1.87","4.41","3.6","8.3","9.88","10.68","4.16","7.058421053"
"3/7/2021","7.79","7.84","5.57","5.03","8.63","5.61","8.32","12","8.24","13.64","3.6","5.37","1.67","4.33","3.44","8.71","9.99","10.99","3.85","7.085263158"
"3/8/2021","7.61","7.4","5.52","5.03","8.42","5.52","8.19","10.45","7.14","13.12","3.6","4.93","1.53","3.9","3.48","8.71","9.73","10.27","3.78","6.754210526"
"3/9/2021","7.3","7.16","5.15","5.03","7.92","5.16","7.97","10.5","7.14","12.96","3.66","4.56","1.26","3.84","3.38","8.3","9.41","9.61","3.75","6.529473684"
"3/10/2021","6.78","6.81","5.19","5.03","7.71","4.88","7.63","10","6.04","12.7","3.32","4.28","1.36","3.63","3.26","7.47","8.95","9.62","3.37","6.212105263"
"3/11/2021","6.66","6.8","5.19","4.83","7.58","4.74","7.36","10","7.14","12.48","3.11","3.9","1.33","3.51","3.13","7.05","8.94","9.35","3.29","6.125789474"
"3/14/2021","6.71","6.74","5.64","4.96","7.22","4.44","7.74","12.94","12.09","12.88","3.37","3.74","1.33","3.38","2.81","6.5","9.55","8.73","3.51","6.541052632"
"3/15/2021","6.44","6.63","5.27","4.07","7.05","4.16","7.5","12.44","10.99","12.33","3.11","3.48","1.19","3.44","2.58","7.19","8.95","8.83","3.25","6.257894737"
"3/16/2021","6.31","6.08","5.09","3.69","6.88","3.62","7.27","13.43","10.44","12.02","3.27","3.21","1.05","3.36","2.6","6.78","8.82","8.51","3.08","6.079473684"
"3/17/2021","6.04","5.99","5.18","4.01","6.68","3.42","7.07","12.94","9.89","11.94","3.37","2.95","1.26","3.06","2.59","6.36","8.23","8.71","3.1","5.936315789"
"3/21/2021","6.16","6.06","5.47","4.07","6.09","3.46","7.27","14","10.99","12.21","4","3.02","1.49","3.19","2.47","6.5","8.76","8.85","3","6.161052632"
"3/22/2021","6.07","6.43","5.62","3.94","5.88","3.34","7.29","13.5","12.64","12.04","4.32","2.84","1.42","3","2.64","5.95","8.53","8.3","2.82","6.135263158"
"3/23/2021","5.87","6.57","5.37","3.75","6.09","3.5","7.25","14.07","14.29","11.78","4.44","2.74","1.46","2.81","2.44","5.67","8.78","7.72","2.66","6.171578947"
"3/24/2021","5.8","6.41","5.16","3.69","6.1","3.78","7.25","15.58","12.09","11.9","4.53","2.76","1.56","2.66","2.35","5.81","8.9","7.65","2.5","6.130526316"
"3/25/2021","5.58","6.47","4.98","3.69","5.89","3.8","7.36","13","14.29","11.14","4.65","2.53","1.77","2.48","2.37","5.39","8.5","7.6","2.42","5.995263158"
"3/28/2021","5.86","6.33","5.09","4.64","6.25","4.23","7.9","14.57","18.13","12.63","5.31","2.59","2.25","2.49","2.27","6.09","9.84","7.22","2.2","6.625789474"
"3/29/2021","5.87","6.42","5.03","4.96","6.16","4.47","8.02","14.07","15.38","12.45","5.73","2.51","2.37","2.44","2.12","6.5","9.67","7.37","2.25","6.515263158"
"3/30/2021","5.86","6.76","5","5.09","6.42","4.92","7.97","12.5","14.84","12.48","5.81","2.41","2.2","2.37","2.19","6.78","9.6","6.73","2.11","6.423157895"
"3/31/2021","5.92","6.85","4.6","4.52","6.47","5.05","7.84","12.5","14.84","12.12","5.86","2.28","2.07","2.33","2.04","6.78","9.23","6.55","2.26","6.321578947"
"4/2/2021","6.4","7.04","4.77","5.22","6.92","5.75","8.15","11","17.03","13.04","6.91","2.36","2.68","2.31","2.08","8.44","9.95","6.81","2.36","6.801052632"
"4/4/2021","7.38","7.79","5.07","5.34","7.46","6.65","8.97","11.94","19.78","15.14","6.91","2.47","2.68","2.46","2.08","8.3","9.92","7.19","2.5","7.37"
"4/5/2021","7.55","7.35","5.29","4.96","7.64","6.65","9.42","12.94","21.43","14.17","7.96","2.48","2.58","2.41","2.17","8.71","11.51","7.32","2.25","7.620526316"
"4/6/2021","7.54","7.11","5.19","4.45","7.56","6.66","9.19","11.94","21.43","14.18","8.34","2.47","2.85","2.17","2.06","8.3","11.43","6.88","2.28","7.475263158"
"4/7/2021","7.71","7.31","4.98","4.52","7.63","7.1","8.95","14.5","23.08","14.23","8.87","2.39","2.78","2.03","1.85","8.71","11.21","6.34","2.33","7.711578947"
"4/8/2021","7.61","7.12","4.8","4.64","7.7","7.07","8.93","14.5","24.18","14.42","8.59","2.22","2.99","1.95","1.93","9.54","11.3","6.11","2.37","7.787894737"
"4/11/2021","8.32","7.92","5.51","5.73","7.62","7.38","10.14","15.92","26.92","15.23","9.14","2.23","3.39","2.52","1.94","10.51","13.09","6.86","2.08","8.55"
"4/12/2021","8.25","7.93","5.26","5.46","7.77","7.5","9.17","17","25.82","15.02","9.38","2.27","3.39","2.28","1.91","10.65","13.16","6.91","2.06","8.483684211"
"4/13/2021","8.24","8.05","4.79","5.34","7.85","7.21","8.91","16","24.18","14.88","9.47","2.14","2.99","2.3","1.78","10.65","13.13","6.94","2.11","8.261052632"
"4/14/2021","8.16","8.39","4.84","5.54","7.76","7.54","8.71","16.92","20.33","14.82","9.32","2.05","3.03","2.2","1.69","9.96","13.03","6.86","2.08","8.064736842"
"4/15/2021","8.25","8.03","5.05","5.74","7.97","7.59","8.7","17.41","23.63","14.97","8.39","2.1","2.82","2.29","1.78","10.1","12.87","6.57","2.01","8.224736842"
"4/18/2021","8.89","9.37","5.42","5.87","7.95","8.97","8.74","15.42","23.08","16.18","10.07","2.34","3.02","2.47","1.97","10.24","14.49","7.06","1.95","8.605263158"
"4/19/2021","8.8","9.07","5.37","6.13","7.71","9","8.67","13.93","19.23","16.04","10.83","2.19","3.02","2.56","1.84","9.68","14.61","6.95","1.94","8.293157895"
"4/20/2021","8.6","8.78","5","5.93","7.93","8.67","8.34","12.44","16.48","15.51","10.01","2.12","3.09","2.52","1.74","9.96","15.1","6.92","1.79","7.943684211"
"4/21/2021","8.28","9.17","4.91","5.8","7.85","8.78","8.16","13.57","14.29","15.75","9.6","2.14","2.89","2.52","1.84","9.82","15.25","6.67","1.84","7.848947368"
"4/22/2021","8.13","8.81","4.8","6.39","7.73","8.53","8.06","13.07","14.29","15.8","9.5","2","2.89","2.42","1.81","10.37","15.77","6.58","1.89","7.833684211"
"4/25/2021","8.45","9.5","4.92","6.92","8.81","9.01","8.26","13.57","14.29","16.46","9.08","2.04","2.78","2.52","1.78","11.07","16.61","6.87","2.05","8.157368421"
"4/26/2021","8.34","9.31","4.78","7.32","8.3","9","8.16","13.57","14.84","16.09","9.64","1.96","2.72","2.6","1.69","10.93","16.32","6.43","2.13","8.112105263"
"4/27/2021","8.11","8.95","4.34","7.05","7.72","9.22","7.9","15.08","14.84","15.87","9.54","2.06","2.52","2.48","1.72","11.48","16.18","6.2","2.04","8.068421053"
"4/28/2021","8","8.69","4.27","6.59","7.77","9.02","7.73","13.43","10.99","15.48","9.43","2.06","2.41","2.5","1.82","10.1","15.9","6.29","1.84","7.595789474"
"4/29/2021","7.71","8.76","4.2","6.39","7.65","9.02","7.65","11.39","11.54","15.46","9.29","1.88","2.32","2.42","1.88","10.1","16.36","6.12","1.77","7.468947368"
"5/2/2021","7.59","9.24","4.37","7.65","7.63","9.62","7.75","11.33","13.19","15.82","8.78","1.94","1.97","2.64","2.18","10.79","15.89","5.57","1.82","7.672105263"
"5/3/2021","7.36","8.86","4.48","7.98","7","9.36","7.61","10.61","11.54","16.09","8.47","1.78","1.91","2.73","1.97","9.54","15.29","5.8","1.6","7.367368421"
"5/4/2021","7.09","8.73","4.26","7.51","6.71","8.96","7.18","10.55","9.89","15.03","8.11","1.64","1.7","2.42","1.85","8.85","14.89","5.34","1.8","6.974210526"
"5/5/2021","6.85","9.05","4.24","6.92","6.55","8.86","7.05","10.55","10.44","14.48","7.71","1.63","1.7","2.43","1.79","8.99","14.15","5.23","1.77","6.862631579"
"5/6/2021","6.7","8.99","4.12","6.86","6.14","8.86","6.65","10.61","10.44","14.13","7.76","1.54","1.63","2.31","1.76","9.68","13.68","5.25","1.7","6.779473684"
"5/9/2021","6.91","9.09","3.94","7.65","6.62","8.54","6.39","9.55","10.99","13.97","6.82","1.46","2","2.45","1.91","10.1","13.55","4.88","1.75","6.766842105"
"5/10/2021","6.52","8.81","3.78","6.86","5.88","8.26","6.36","9.05","9.34","13.09","6.11","1.36","1.9","2.34","1.61","9.82","13","4.44","1.82","6.334210526"
"5/11/2021","6.35","8.44","3.56","6.59","5.61","7.82","5.83","7","9.34","12.34","6.14","1.25","1.87","2.3","1.52","9.41","12.58","3.85","1.63","5.97"
"5/12/2021","6.06","7.66","3.36","6.66","5.36","7.79","5.61","6.5","8.79","11.91","5.63","1.25","1.43","2.13","1.34","8.44","12.25","3.76","1.6","5.659473684"
"5/13/2021","5.88","7.4","3.34","6.26","5.25","7.55","5.27","4.98","9.89","11.47","5.54","1.27","1.36","2.15","1.33","8.02","11.51","3.47","1.82","5.461052632"
"5/16/2021","5.91","7.17","3.23","5.67","5.21","7.43","5.24","3","10.44","11.4","4.82","1.31","1.6","1.89","1.49","7.61","11.23","3.13","1.75","5.238421053"
"5/17/2021","5.71","6.99","3.25","4.88","4.72","7.27","4.68","3","8.79","10.96","4.92","1.16","1.46","2","1.45","7.47","10.21","2.69","1.72","4.912105263"
"5/18/2021","5.43","6.69","3.25","4.88","4.57","6.91","4.31","4","8.79","10.44","4.19","1.15","1.36","1.82","1.48","7.19","10.02","2.87","1.92","4.803684211"
"5/19/2021","5.31","6.34","3.23","4.75","4.34","6.57","4.05","3.52","7.14","9.81","3.92","1.07","1.26","1.67","1.39","6.64","9.58","2.6","1.92","4.479473684"
"5/20/2021","5.09","5.84","3.16","4.28","4.24","6.49","3.86","2.51","4.95","9.49","3.87","0.98","1.39","1.52","1.4","6.36","9.51","2.58","1.85","4.177368421"
"5/23/2021","5.02","5.94","3.31","2.97","4.4","6.21","3.73","1.99","4.4","9.33","3.66","0.98","1.36","1.64","1.31","6.36","9.39","3.1","1.87","4.051052632"
"5/24/2021","4.91","5.84","3.38","2.97","4.13","5.99","3.6","1.99","4.95","8.87","3.03","1.09","1.15","1.59","1.37","5.67","8.87","2.98","1.68","3.897894737"
"5/25/2021","4.67","5.27","3.08","2.57","3.91","5.74","3.28","1.99","4.4","8.51","2.63","1.04","1.15","1.51","1.22","5.26","8.37","2.95","1.6","3.639473684"
"5/26/2021","4.58","5.18","3.07","2.31","4.08","5.17","3.25","2.04","6.04","8.1","2.47","1.02","0.95","1.39","1.19","5.67","7.87","2.89","1.6","3.624736842"
"5/27/2021","4.59","5.09","2.89","2.31","4.11","4.94","3.19","2.55","5.49","7.71","2.42","1.01","0.88","1.38","1.03","6.09","7.83","2.68","1.55","3.565263158"
"5/30/2021","4.79","5.43","2.8","2.18","4.13","4.67","3.12","2.01","6.04","7.78","2.42","1.2","0.75","1.36","1.04","6.09","7.99","2.97","1.85","3.611578947"
"5/31/2021","4.68","5.15","2.51","2.11","3.91","4.76","2.97","2.55","4.95","7.38","2.27","1.18","0.68","1.33","0.92","5.81","7.67","2.88","1.55","3.434736842"
"6/1/2021","4.45","4.91","2.37","2.1","3.79","4.71","2.82","2.56","5.49","7.15","2.1","1.09","0.68","1.23","0.99","5.95","7.45","2.94","1.38","3.376842105"
"6/2/2021","4.15","4.52","2.4","1.97","3.84","4.47","2.69","2.54","4.95","7.02","2.1","1.07","0.68","1.17","1.05","4.84","7.76","2.59","1.17","3.209473684"
"6/3/2021","4.2","4.31","2.27","2.02","3.71","4.51","2.65","1.52","3.3","6.47","2.04","1.06","0.81","1.1","0.87","4.56","7.09","2.38","1.07","2.944210526"
"6/6/2021","4.37","4.44","2.05","2.52","3.61","4.23","2.51","1.52","4.4","6.31","1.99","1.16","0.88","1.03","1.03","4.98","7.04","3.2","1.13","3.073684211"
"6/7/2021","4.3","3.99","2.08","2.88","3.24","4.02","2.39","1.01","2.75","5.9","2.05","1.08","0.95","0.92","1.09","4.56","6.34","2.72","1","2.803684211"
"6/8/2021","4.19","3.76","1.86","2.24","3.19","3.74","2.3","1.01","2.2","5.62","1.85","1","0.98","0.87","0.99","4.56","6.15","2.63","0.93","2.635263158"
"6/9/2021","4.06","3.88","1.85","1.59","2.92","3.52","2.25","1.52","1.65","5.52","1.75","0.97","0.92","0.82","1.09","3.73","5.49","2.45","0.85","2.464736842"
"6/10/2021","3.89","3.38","1.79","1.73","2.85","3.19","2.22","1.51","1.65","5.35","1.69","0.91","0.61","0.79","0.93","3.6","5.57","2.34","0.85","2.360526316"
"6/13/2021","3.98","3.35","1.94","2.09","3.04","2.9","2.23","1.52","1.65","5.17","1.8","0.93","0.71","0.84","0.9","3.6","5.44","2.43","0.78","2.384210526"
"6/14/2021","4","2.7","1.94","2.09","2.85","2.64","2.13","1.52","1.65","4.74","1.79","0.85","0.75","0.81","0.84","3.46","5.16","2.5","0.85","2.277368421"
"6/15/2021","3.79","2.56","1.81","2.16","2.77","2.49","2","2.01","0.55","4.4","1.58","0.96","0.68","0.78","0.81","3.32","4.98","2.39","0.73","2.145789474"
"6/16/2021","3.66","2.53","1.89","2.24","2.49","2.05","1.94","2.01","0.55","4.24","1.42","0.99","0.65","0.75","0.81","3.04","4.79","2.15","0.63","2.043684211"
"6/17/2021","3.55","2.49","1.9","1.95","2.37","1.91","1.84","2.01","1.65","3.97","1.53","0.95","0.44","0.98","0.81","3.18","4.64","2.15","0.73","2.055263158"
"6/20/2021","3.43","2.51","2.2","1.87","2.45","2.23","1.86","1.51","1.65","3.92","1.43","0.93","0.65","0.67","0.9","3.04","4.63","2.09","0.63","2.031578947"
"6/21/2021","3.34","1.97","2.25","1.59","2.3","2.07","1.81","1.53","1.1","3.53","1.33","0.83","0.65","0.57","0.78","2.66","5.08","2.08","0.68","1.902631579"
"6/22/2021","3.17","2","2.3","1.44","2.08","1.81","1.71","1.52","1.1","3.25","1.34","0.8","0.61","0.62","0.72","2.66","4.09","1.96","0.61","1.778421053"
"6/23/2021","3.05","2.02","2.27","1.37","1.84","1.67","1.69","1.52","0.55","2.99","1.27","0.82","0.58","0.69","0.84","2.81","3.96","1.82","0.61","1.703684211"
"6/24/2021","2.93","1.8","2.2","1.44","1.77","1.59","1.76","1.52","1.1","3.02","1.06","0.94","0.48","0.55","0.84","2.38","3.93","1.79","0.46","1.661052632"
"6/27/2021","3.08","1.83","2.48","1.59","1.72","1.34","1.91","1.51","0.55","3.14","1.12","1.12","0.66","0.62","1.34","2.81","3.96","1.7","0.56","1.738947368"
"6/28/2021","2.91","1.73","2.7","1.37","1.54","1.45","1.88","1.52","0.55","2.85","1.13","1.08","0.62","0.61","1.5","3.37","3.84","1.5","0.46","1.716315789"
"6/29/2021","2.86","1.76","2.3","1.51","1.54","1.49","1.88","2.03","0.55","2.76","1.14","1.18","0.55","0.65","1.77","3.23","3.92","1.38","0.66","1.745263158"
"6/30/2021","2.69","1.78","2.32","1.44","1.44","1.52","1.97","2.02","0.55","2.66","1.21","1.33","0.56","0.63","1.92","3.27","3.86","1.46","0.49","1.743157895"
"7/1/2021","2.77","1.86","2.34","1.66","1.42","1.53","2.09","2.01","0.55","2.56","1.17","1.62","0.52","0.65","2.2","2.84","3.75","1.34","0.46","1.754736842"
"7/4/2021","2.96","1.89","2.73","2.31","1.68","1.58","2.53","2.01","2.2","2.52","1.29","2.16","0.66","0.72","2.72","2.99","3.83","2.47","0.72","2.103684211"
"7/5/2021","2.98","1.88","2.82","2.6","1.76","1.6","2.78","1.52","2.2","2.55","1.34","2.69","0.66","0.69","2.72","2.7","3.64","2.03","0.84","2.105263158"
"7/6/2021","2.86","1.92","2.9","3.03","1.72","1.39","3.09","1","2.2","2.51","1.4","2.15","0.66","0.78","2.9","2.56","3.4","1.94","0.74","2.060526316"
"7/7/2021","2.86","1.92","2.9","3.03","1.72","1.39","3.09","1","2.2","2.51","1.4","2.15","0.66","0.78","2.9","2.56","3.4","1.94","0.74","2.060526316"
"7/8/2021","2.85","1.97","2.82","3.75","2.08","1.29","3.84","0.5","2.2","2.6","1.79","2.66","0.83","0.75","2.91","2.56","3.55","1.96","0.72","2.191052632"
"7/11/2021","3.48","2.5","3.32","4.46","2.84","1.54","5.29","1.49","2.2","3.06","1.9","3.35","0.8","0.8","3.19","2.84","3.93","2.2","0.72","2.626842105"
"7/12/2021","3.69","2.34","3.68","4.25","3.35","1.56","5.81","0.99","2.2","3.18","1.68","3.45","0.83","0.85","3.85","2.99","4.11","2.38","1.09","2.751578947"
"7/13/2021","3.75","2.68","4.07","4.1","3.62","1.75","6.32","1","2.2","3.38","1.85","3.71","1.11","0.95","3.84","2.84","4.3","2.56","0.99","2.895789474"
"7/14/2021","3.8","2.92","4.13","4.32","4.08","1.73","6.78","1","2.75","3.48","1.85","3.8","1.11","1.26","4.09","2.99","4.17","2.77","1.04","3.056315789"
"7/15/2021","3.82","3.78","4.27","4.77","4.63","1.94","7.32","1","2.75","3.86","2.24","4.03","1.22","1.3","4.38","3.13","4.5","2.95","1.09","3.314736842"
"7/18/2021","4.8","5.31","5.38","5.89","6.58","2.17","9.36","1.49","2.75","4.93","3.13","4.91","1.56","1.89","5.53","4.69","5.98","3.66","1.54","4.292105263"
"7/19/2021","4.88","5.77","5.52","6.25","6.73","2.4","9.97","1.49","2.75","5.37","3.35","5.12","1.91","2.08","6.61","4.98","6.15","3.57","1.74","4.56"
"7/20/2021","5.06","6.42","5.68","5.89","7.23","2.5","10.41","2.99","2.75","6.03","3.64","5.19","1.98","2.33","7.2","5.69","6.45","3.99","1.88","4.911052632"
"7/21/2021","5.22","7.11","5.92","6.2","7.65","2.65","10.75","3.48","4.4","6.57","3.7","5.49","2.22","2.45","7.27","6.54","6.48","4.21","2.18","5.288947368"
"7/22/2021","5.31","7.49","5.97","7.24","7.58","2.92","10.95","3.48","4.95","7.22","3.82","5.66","2.22","2.87","8.04","6.83","6.65","4.76","2.53","5.604736842"
"7/25/2021","6.22","9.31","8.07","8.67","8.99","3.66","12.01","2.99","8.24","8.98","4.78","6.82","2.78","3.46","10.22","8.39","8.32","5.44","3.13","6.867368421"
"7/26/2021","6.52","9.29","7.92","9.4","9.13","3.75","12.22","4","7.14","9.09","5.38","6.73","2.88","3.43","10.75","8.39","7.88","5.53","3.05","6.972631579"
"7/27/2021","6.54","9.47","8.02","9.25","8.99","4.16","12.34","3.52","6.59","9.5","5.42","6.71","2.81","3.46","10.8","10.24","8.18","5.48","3.27","7.092105263"
"7/28/2021","6.8","9.3","7.48","9.02","8.85","4.54","12.31","3.52","6.59","9.9","5.76","6.64","2.85","3.74","10.27","10.24","7.86","5.49","3.47","7.085789474"
"7/29/2021","6.96","9.02","7.74","8.36","8.12","4.85","12.37","3.52","7.14","10.3","6.13","6.52","3.23","3.84","10.45","10.24","8.35","5.67","3.5","7.174210526"
"8/1/2021","7.51","9.42","8.53","8.21","8.85","6.27","13.09","4.06","4.95","11.69","5.86","6.94","3.56","4.2","11.82","10.81","8.36","5.42","4.14","7.562631579"
"8/2/2021","7.65","9.39","8.34","6.97","8.35","5.57","12.73","4.57","4.4","11.67","5.36","6.56","3.4","4.01","12.37","8.11","8.24","5.63","3.84","7.218947368"
"8/3/2021","7.56","9.04","8.09","7.04","7.87","6.32","12.23","5.58","4.4","11.99","5.24","6.4","3.5","3.97","12.45","8.96","8.66","5.42","3.77","7.288947368"
"8/4/2021","7.53","8.83","7.91","7.04","7.44","6.19","11.91","5.58","4.4","12.42","4.27","6.2","3.46","4.36","12.88","3.56","8.96","5","4.07","6.947894737"
"8/5/2021","7.72","8.46","7.84","7.12","7.42","6.16","11.7","7.07","5.49","11.79","4.67","6.91","3.24","4.17","12.66","8.39","9.04","4.58","4.17","7.294736842"
"8/8/2021","8.4","9.16","8.3","7.92","7.62","6.98","11.4","8","6.59","12.68","5.16","6.7","3.71","4.45","13.47","10.1","9.61","4.37","5.18","7.884210526"
"8/9/2021","8.11","8.39","8.14","7.7","7.25","6.53","10.94","6.97","6.04","12.38","4.9","6.35","3.5","4.32","12.77","9.53","9.25","4.43","4.91","7.495263158"
"8/10/2021","8.12","8.23","7.72","7.56","6.8","6.64","10.84","7.5","4.95","12.4","4.91","6","3.44","4.15","12.61","8.68","9.27","4.1","4.49","7.284736842"
"8/11/2021","8.03","7.85","7.6","7.7","6.51","6.59","10.08","7.5","5.49","12.31","4.92","5.76","3.68","4.01","12.03","8.39","9.07","3.69","4.29","7.131578947"
"8/12/2021","8.07","7.9","7.21","7.56","6.2","6.66","9.71","7","5.49","12.3","4.86","5.72","3.64","3.96","11.52","7.54","9.17","3.42","4.14","6.951052632"
"8/15/2021","8","8.05","6.85","8.07","6.46","6.53","9.51","7.46","5.49","12.76","4.86","5.87","3.89","4","11.11","8.25","9.6","3.61","4.41","7.093684211"
"8/16/2021","8.13","7.95","7.37","7.34","6.32","6.51","9.24","5.47","5.49","12.16","4.97","5.64","4.27","4.1","10.98","6.12","9.34","3.7","4.37","6.814210526"
"8/17/2021","7.73","7.65","7.04","6.6","6.35","6.17","8.84","5.47","4.95","11.8","4.99","5.33","4.23","3.94","10.49","5.97","8.96","3.36","4.56","6.548947368"
"8/18/2021","7.42","7.17","6.35","6.31","5.85","6.28","8.44","4.98","6.59","11.84","4.83","4.95","4.17","4.1","9.98","5.41","8.69","3.36","4.27","6.367894737"
"8/19/2021","6.72","6.6","6.42","5.87","5.76","6.23","8.14","5.97","7.14","11.54","4.72","4.65","4.31","3.97","9.7","4.84","8.54","2.91","4.44","6.235263158"
"8/22/2021","7.29","6.92","6.31","6.6","5.27","6.6","7.88","6","8.79","11.71","4.55","5","5.2","3.92","9.36","5.41","9.46","2.91","4.46","6.507368421"
"8/23/2021","6.93","6.55","5.79","7.12","5.05","6.48","7.61","4.5","9.89","11.18","4.44","4.68","4.82","3.46","9.2","5.41","9.1","2.79","4.32","6.28"
"8/24/2021","6.55","6.25","5.5","6.46","4.96","6.04","7.15","4.52","10.99","11.25","4.66","4.41","4.41","3.42","8.72","4.69","9.06","2.59","4.22","6.097368421"
"8/25/2021","6.2","5.81","5.33","6.02","4.93","6.16","6.84","4.52","11.54","10.81","4.61","4.42","4.48","3.36","8.42","4.84","8.57","2.66","3.84","5.966315789"
"8/26/2021","5.85","5.55","5.26","5.58","4.93","6.11","6.7","5.05","11.54","10.89","4.44","4.18","4.65","3.2","8","4.41","8.28","2.41","3.84","5.835263158"
"8/29/2021","5.75","5.36","5.78","5.28","4.97","6.01","6.49","4.48","11.54","10.69","3.99","4.11","5.1","2.96","8.11","3.98","8.64","2.34","3.72","5.752631579"
"8/30/2021","5.44","5.38","5.49","5.21","4.81","6.1","6.26","5","9.89","10.26","3.83","3.89","4.68","2.71","7.81","3.41","7.77","2.13","3.6","5.456315789"
"8/31/2021","5.18","5.22","5.18","3.67","4.48","6.16","6.3","5.1","7.69","9.9","3.83","3.81","4.55","2.52","7.31","3.79","7.93","2.16","3.22","5.157894737"
"9/1/2021","5.06","5.22","5.03","3.37","4.55","5.83","5.51","5.1","8.24","9.28","3.67","3.56","4.34","2.4","6.64","4.07","8.47","2.34","3.25","5.048947368"
"9/2/2021","4.75","4.85","4.9","3.37","4.49","5.59","6.25","5.58","8.24","8.87","3.84","3.34","3.99","2.46","6.52","4.35","8.12","2.31","2.83","4.981578947"
"9/5/2021","4.51","4.98","4.88","3.71","4.41","5.46","5.06","5.08","8.24","8.52","3.32","3.07","4.13","2.3","5.86","3.79","7.23","2.53","3.05","4.743684211"
"9/6/2021","4.22","5.03","4.85","3.41","4.48","5.24","4.96","6.09","9.34","7.93","3.33","2.79","3.99","2.15","5.64","3.65","7.45","2.47","2.83","4.728947368"
"9/7/2021","4.02","4.75","4.45","3.19","4.29","5.11","4.63","5.56","9.34","7.72","3.27","2.6","4.34","1.95","5.26","3.79","7.3","2.29","2.75","4.558421053"
"9/8/2021","3.84","4.66","4.36","3.04","4.18","5","4.37","5.53","8.24","7.14","3.27","2.57","4.3","1.76","4.94","3.23","7.44","2.13","2.73","4.354210526"
"9/9/2021","4.05","4.73","4.28","2.78","3.9","4.73","4.12","5.5","7.69","6.85","3.33","2.47","4.02","1.72","5.07","3.37","7.19","2.04","2.58","4.232631579"
"9/12/2021","3.37","4.52","4.06","3","3.41","4.31","3.77","5.5","8.24","6.57","4.09","2.43","3.57","1.73","5.37","3.37","6.96","2.13","2.46","4.150526316"
"9/13/2021","3.21","4.25","4.31","2.55","3.18","4.18","3.58","5","7.69","6.13","3.2","2.18","3.47","2.05","5.28","2.81","6.83","1.73","2.21","3.886315789"
"9/14/2021","3.28","3.91","4.09","2.55","2.82","4.02","5.33","5.5","6.04","6.14","3.14","2.5","2.94","1.43","5.07","2.38","6.51","1.48","2.06","3.746842105"
"9/15/2021","2.91","3.68","3.91","2.85","2.65","3.8","3.08","6.06","4.95","5.48","2.86","2.13","2.64","1.27","4.7","1.82","6.71","1.27","1.98","3.407894737"
"9/16/2021","2.84","3.54","4.06","2.97","2.6","3.53","2.93","6","4.4","5.13","2.7","2.06","2.46","1.24","4.5","1.82","6.42","1.3","2.02","3.290526316"
"9/19/2021","2.73","3.42","4.08","2.74","2.34","3.47","2.82","5.5","6.04","4.91","2.32","2.18","2.15","1.07","4.76","2.1","6.18","1","2.04","3.255263158"
"9/20/2021","2.7","3.32","4.06","2.3","2.26","3.22","2.7","5","4.95","4.5","2.15","1.97","2.01","0.9","4.6","2.24","5.11","0.97","1.94","2.994736842"
"9/21/2021","2.41","2.95","3.84","2.25","2.18","2.95","2.5","4.5","4.4","4.32","2.25","1.85","1.7","0.74","4.36","2.1","5.27","0.97","1.87","2.811052632"
"9/22/2021","2.21","2.71","3.79","2.09","2.06","2.87","2.37","5","4.4","4.05","2.25","1.67","1.67","0.64","4.13","1.54","5.16","0.99","1.65","2.697368421"
"9/23/2021","2.21","2.53","3.27","1.95","1.93","2.71","2.33","3.5","4.95","4.02","2.15","1.6","1.67","0.7","3.58","1.68","5.12","0.81","1.45","2.534736842"
"9/26/2021","2.15","2.32","3.18","1.73","1.84","2.54","2.23","2","4.4","3.94","1.93","1.77","1.56","0.7","3.8","1.68","4.84","0.94","1.6","2.376315789"
"9/27/2021","2.12","2.31","2.93","1.73","1.75","2.42","2.34","1.5","3.85","3.83","1.94","1.74","1.49","0.67","4.02","1.68","4.41","0.85","1.6","2.272631579"
"9/28/2021","1.98","2.26","2.7","1.12","1.54","2.33","1.99","1.5","3.3","3.58","2.09","1.7","1.46","0.63","3.88","1.54","4.28","0.7","1.48","2.108421053"
"9/29/2021","1.93","2.14","2.66","1.04","1.55","2.17","1.89","1.5","2.75","3.48","1.99","1.59","1.28","0.52","3.69","1.54","4.17","0.57","1.5","1.997894737"
"9/30/2021","1.83","2.21","2.41","1.34","1.46","1.92","1.75","1.99","2.75","3.3","1.72","1.52","1.21","0.47","3.87","1.38","4.35","0.55","1.43","1.971578947"
"10/3/2021","1.68","2.13","2.27","1.6","1.52","1.66","1.76","1.99","3.3","3.29","1.62","1.67","1","0.46","3.81","1.38","4.29","0.66","1.22","1.963684211"
"10/4/2021","2.18","2.28","2.16","1.37","1.48","1.41","2.24","2.53","4.95","3.22","1.51","1.52","0.86","0.44","3.56","1.38","3.79","0.54","1.3","2.037894737"
"10/5/2021","1.53","2.42","2.04","1.44","1.34","1.45","1.63","1.52","4.95","3.27","1.46","1.45","0.62","0.41","3.49","1.24","3.58","0.57","1.11","1.869473684"
"10/6/2021","1.45","2.35","1.93","1.43","1.26","1.36","1.5","1.5","3.3","3.11","1.46","1.46","0.59","0.42","3.25","1.24","3.23","0.66","1.03","1.712105263"
"10/7/2021","1.37","2.28","1.7","1.5","1.16","1.38","1.93","1.5","2.75","3.05","1.29","1.56","0.52","0.47","2.99","0.97","3.04","0.57","0.98","1.632105263"
"10/10/2021","NaN","1.75","1.86","1.5","1.17","1.28","1.36","0.5","3.3","2.97","1.18","1.36","0.45","0.53","2.79","0.97","3.49","0.82","1.1","1.576666667"
"10/12/2021","1.25","1.75","1.82","1.43","1.12","1.52","1.35","0.5","2.75","2.91","1.13","1.37","0.55","0.43","2.77","1.24","2.96","0.96","1.05","1.518947368"
"10/13/2021","1.22","1.86","2.22","1.23","1.03","1.4","1.32","1.02","2.2","2.69","1.17","1.41","0.6","0.41","2.46","1.11","2.93","0.89","0.84","1.474210526"
"10/14/2021","1.23","1.62","2.2","1.09","1.02","1.3","1.24","1.02","2.75","2.71","0.96","1.47","0.66","0.36","2.34","1.24","2.91","0.74","1.17","1.475263158"
"10/17/2021","1.2","1.55","2.2","1.48","1.11","1.38","1.21","1.03","2.2","2.62","1.18","1.79","0.73","0.37","2.38","1.11","2.65","0.97","1.15","1.49"
"10/18/2021","1.16","1.63","2.29","1.29","1.17","1.42","1.24","1.02","2.2","2.51","1.29","1.88","0.77","0.31","2.37","1.24","2.44","1","1.12","1.492105263"
"10/19/2021","1.13","1.58","2.07","1.29","1.16","1.44","1.19","0.51","2.2","2.39","1.34","1.97","0.66","0.3","2.47","1.11","2.7","1.15","1.03","1.457368421"
"10/20/2021","1.08","1.61","1.75","1.23","1.16","1.5","1.23","0.52","2.2","2.25","1.23","1.83","0.59","0.26","2.29","1.11","2.9","1","1.12","1.413684211"
"10/21/2021","1.01","1.66","1.73","1.36","1.18","1.42","1.09","0.52","1.65","2.22","1.23","1.93","0.46","0.22","2.06","1.24","3.07","0.97","1.27","1.383684211"
"10/24/2021","1.03","1.69","1.86","1.36","1.28","1.5","1.16","0","2.2","2.24","1.23","1.83","0.55","0.25","2.2","1.11","3.67","1","1.25","1.442631579"
"10/25/2021","1.01","1.6","1.85","1.16","1.44","1.5","1.18","0","3.85","2.15","1.17","1.83","0.52","0.3","2.05","1.11","2.87","0.94","1.17","1.457894737"
"10/26/2021","1.03","1.53","1.78","1.16","1.47","1.42","1.14","0","3.85","2.03","0.85","1.81","0.48","0.3","2.17","1.24","2.8","0.82","1.1","1.42"
"10/27/2021","0.95","1.58","1.79","0.88","1.48","1.46","1.08","0","3.3","1.98","1.11","1.81","0.52","0.32","1.97","1.24","2.52","0.61","1.08","1.351578947"
"10/28/2021","0.95","1.53","1.7","1.02","1.37","1.58","1.12","0","3.85","2","1.06","1.91","0.46","0.24","1.91","1.11","2.36","0.58","1","1.355263158"
"11/1/2021","1.03","1.88","1.86","1.02","1.48","1.62","1.04","0","3.85","2.1","1.28","2.21","0.58","0.32","1.7","1.66","2.58","0.79","0.95","1.471052632"
"11/2/2021","1.04","1.91","1.82","1.02","1.58","1.73","1.24","0","2.75","2.14","1.17","2.17","0.77","0.37","1.59","2.07","2.75","0.81","0.93","1.466315789"
"11/3/2021","1","1.89","1.92","0.95","1.61","2.9","1.22","0","2.2","2.19","1.32","2.06","0.55","0.34","1.56","2.21","2.85","0.93","0.91","1.505789474"
"11/4/2021","1.01","1.93","1.84","1.02","1.59","1.87","1.19","0","2.2","2.14","1.32","2","0.51","0.38","1.56","2.49","2.81","0.78","0.78","1.443157895"
"11/7/2021","1.05","2.11","2.18","0.88","1.6","2.03","1.21","0","2.2","2.23","1.48","2.11","0.51","0.47","1.64","2.63","2.52","0.99","0.61","1.497368421"
"11/9/2021","1.07","2.22","2.29","0.88","1.59","1.85","1.27","0","0.55","2.32","1.7","2.12","0.38","0.46","1.76","3.46","2.33","0.87","0.81","1.47"
"11/10/2021","1.09","2.46","2.18","1.02","1.71","1.89","1.41","0","0","2.26","1.75","2.09","0.45","0.49","1.79","3.46","2.1","0.81","0.71","1.456315789"
"11/11/2021","1.06","2.6","2.2","0.88","1.8","1.97","1.34","0","0","2.21","2.02","2.17","0.51","0.57","1.76","3.46","2.09","0.84","0.83","1.49"
"11/14/2021","1.19","2.84","2.65","1.02","1.8","2.16","1.61","1.04","0","2.37","2.28","2.31","0.55","0.71","1.93","3.73","2.7","0.78","0.98","1.718421053"
"11/15/2021","1.16","2.74","2.74","1.09","1.84","2.03","1.57","1.03","1.1","2.31","2.22","2.23","0.7","0.7","2.13","3.32","2.72","0.81","1","1.76"
"11/16/2021","1.28","2.84","2.74","1.02","2.05","2.19","1.58","1.03","0.55","2.39","2.48","2.4","0.69","0.68","2.11","3.6","2.78","0.98","0.95","1.807368421"
"11/17/2021","1.3","2.82","2.96","1.02","2.07","2.29","1.75","0.51","1.1","2.31","2.47","2.3","0.72","0.67","2.17","3.18","2.7","1.16","1.1","1.821052632"
"11/18/2021","1.21","2.86","2.96","0.95","2.24","2.25","1.85","0.52","1.1","2.44","2.58","2.42","0.69","0.68","2.31","3.46","3.35","1.04","1.12","1.896315789"
"11/21/2021","1.45","3.46","3.29","1.09","2.76","2.23","2.28","1.54","2.75","2.76","3.2","2.92","0.86","1.02","2.8","3.73","4.18","1.65","1.59","2.397894737"
"11/22/2021","1.59","3.84","3.31","1.57","2.7","2.21","2.53","1.53","2.75","2.71","3.2","3.12","0.76","1.02","2.63","2.63","4.17","1.86","1.69","2.411578947"
"11/23/2021","1.52","4.23","3.32","1.36","2.97","2.39","2.66","1.52","2.75","2.82","3.35","3.41","0.79","1.23","2.6","2.77","4.52","2.15","1.81","2.535263158"
"11/24/2021","1.49","4.47","3.65","1.77","3.21","2.41","2.82","1.52","2.75","2.83","3.7","3.53","0.76","1.21","2.66","1.94","4.48","2.02","1.88","2.584210526"
"11/25/2021","1.01","1.66","1.73","1.36","1.18","1.42","1.09","0.52","1.65","2.22","1.23","1.93","0.46","0.22","2.06","1.24","3.07","0.97","1.27","1.383684211"
"11/28/2021","1.71","5.06","4","2.25","3.97","2.41","3.16","0.51","2.75","3.07","3.92","4.35","1.03","1.87","3","1.8","5.47","2.84","2","2.903684211"
"11/29/2021","1.7","5.08","4.08","2.25","4.17","2.27","3.23","1.01","3.85","3.07","3.88","4.23","0.96","1.97","3.26","1.8","5.67","3.26","2.05","3.041578947"
"11/30/2021","1.74","5.29","3.93","2.79","4.08","2.19","3.42","1.02","3.3","3.17","4.25","4.21","0.8","2.12","3.44","2.35","5.72","3.31","2.22","3.123684211"
"12/1/2021","1.81","5.56","4.6","2.65","4.04","2.33","3.64","1.52","3.85","3.18","4.17","4.23","1","2.22","3.47","2.63","5.36","3.45","2.3","3.263684211"
"12/2/2021","1.88","5.9","5.1","2.65","4.53","2.31","3.79","1.52","3.3","3.22","4.33","4.31","1.16","2.36","3.44","3.04","5.52","3.5","2.32","3.377894737"
"12/6/2021","2.26","6.78","5.62","4.08","5.35","2.5","4.41","2.02","3.3","3.56","5.9","5.16","1.29","2.88","4.12","3.87","7.85","4.24","2.93","4.111578947"
"12/8/2021","2.33","6.44","6.28","4.56","5.66","2.48","5.21","2.53","4.95","3.94","5.64","5.57","1.23","3.09","4.69","3.6","7.97","4.26","3.25","4.404210526"
"12/9/2021","2.45","6.56","6.14","4.22","5.81","2.56","5.41","2.53","4.4","3.9","5.53","5.45","1.26","3.12","4.92","3.18","8.2","4.61","3.15","4.389473684"
"12/12/2021","2.98","7.51","5.85","4.77","6.28","3.19","6.27","2.01","6.59","4.45","6.06","6.57","1.56","3.53","5.79","3.73","8.73","5","3.86","4.985789474"
"12/13/2021","2.89","7.69","5.72","4.71","6.39","3.25","6.32","1.52","6.04","4.28","5.84","6.77","1.49","3.37","5.96","3.73","8.44","5.3","4.47","4.956842105"
"12/14/2021","2.88","7.48","5.85","4.64","6.24","3.24","6.71","2.02","6.04","4.39","6.36","6.76","1.41","3.32","6.5","4.29","7.82","5.38","4.72","5.055263158"
"12/15/2021","3.14","7.4","5.67","5.04","6.3","3.5","7.07","2.02","6.59","4.43","6.33","6.83","1.41","3.25","7.08","4.15","7.92","5.45","5.04","5.190526316"
"12/16/2021","3.14","7.4","5.67","5.04","6.3","3.52","7.1","2.02","6.59","4.43","6.33","6.88","1.45","3.25","7.08","4.15","7.92","5.45","4.87","5.188947368"
"12/19/2021","3.99","7.97","6.03","5.85","6.72","3.75","7.86","2.53","10.44","5.3","5.86","7.74","1.7","3.33","8","6.22","8.73","6.12","5.74","5.993684211"
"12/20/2021","4.25","7.75","5.94","5.78","6.91","3.56","8","3.03","9.89","5.38","6.09","8.09","1.7","3.21","8.1","5.53","8.19","6.2","6.71","6.016315789"
"12/21/2021","4.31","7.66","5.95","6.12","6.8","3.6","8.25","4.1","8.24","5.73","6.2","8.08","1.67","3.09","8.13","6.36","8.13","6.16","6.57","6.060526316"
"12/22/2021","4.53","7.63","5.87","6.99","6.99","3.66","8.48","5.13","9.34","6.07","7.01","8.16","1.8","3.18","8.09","6.64","8.05","5.97","6.7","6.331052632"
"12/26/2021","5.7","9.53","7.28","7.92","7.68","4.81","9.87","6.15","10.44","8.12","7.56","9.31","2.54","3.42","8.31","10.1","11.29","6.6","7.53","7.587368421"
"12/27/2021","5.99","10.31","7.7","7.99","7.98","5.11","10.32","5.64","10.99","9.44","7.27","9.14","2.89","3.46","8.49","8.85","10.95","7.01","8.08","7.768947368"
"12/28/2021","6.34","10.98","7.98","7.72","8.1","5.87","10.91","5.61","9.89","10.14","7.69","9.26","2.99","3.59","8.67","9.13","12.23","7.5","8.5","8.057894737"
"12/29/2021","6.38","11.47","8.09","7.79","8.3","6.34","11.08","5.08","9.89","11.19","7.9","9.59","3.85","3.72","8.74","8.99","12.83","7.46","8.08","8.251052632"
"1/2/2022","7.24","13.42","9.5","9.91","9.8","7.55","12.17","6.81","10.44","13.67","9.31","10.38","4.91","4.08","9.58","12.72","15.26","8.61","8.38","9.670526316"
"1/3/2022","7.7","14.05","10.23","11.23","10.01","8.87","12.35","6.32","10.99","15.12","8.81","10.28","5.11","4.16","10.06","14.66","15.32","9.5","8.6","10.17736842"
"1/4/2022","7.86","15.08","10.3","11.73","10.58","9.62","12.66","6.81","11.54","15.98","10.08","10.02","5.54","4.25","9.63","14.8","15.61","9.61","8.57","10.54052632"
"1/6/2022","8.26","17.27","10.83","12.26","10.97","10.01","13.57","8.85","12.09","17.48","10.71","11.01","5.9","4.39","9.53","17.43","18.13","10.64","9.37","11.51052632"
"1/9/2022","9.57","19.91","13.42","13.52","12.72","11.67","15.11","7.89","10.99","19.22","12.35","12.75","7.05","5.56","11.12","19.78","19.41","12.05","10.47","12.87157895"
"1/10/2022","9.85","20.16","13.56","14.18","12.94","11.62","14.89","7.77","11.54","18.45","11.33","12.87","7.69","5.54","11.17","16.74","19.14","12.32","10.88","12.77052632"
"1/11/2022","9.91","20","14.17","14.71","13.15","11.76","15.12","10.36","12.64","19.42","11.58","13.21","7.58","5.55","11.6","14.66","21.03","12.52","11.27","13.17052632"
"1/12/2022","10.23","20.04","14.72","14.65","13.61","12.04","15.42","10.42","13.74","19.45","12.28","13.47","7.3","5.71","11.66","14.25","19.1","12.13","12.17","13.28368421"
"1/13/2022","10.39","20.34","15.02","14.18","13.42","12.08","15.51","11.92","14.84","19.6","11.96","13.62","7.28","6.02","11.66","13.28","19.87","11.62","12.56","13.43"
"1/16/2022","11.38","21.38","17.06","15.31","14.77","13.89","16.58","14.36","18.13","21.18","11.78","15.54","7.81","6.71","12.72","12.45","19.07","11.92","13.64","14.50947368"
"1/17/2022","11.75","20.42","18.11","16.04","14.57","13.98","16.76","15.43","17.03","20.82","12.54","16.06","8.01","6.49","13.05","12.03","17.45","11.89","13.49","14.52210526"
"1/18/2022","12.16","19.86","17.68","15.51","14.32","13.99","17.34","16.32","18.13","20.9","12.58","15.75","7.71","6.43","12.51","12.31","17.3","12.07","13.78","14.56052632"
"1/19/2022","12.26","18.94","17.55","15.76","13.81","13.89","17.36","14.89","16.48","20.77","12.73","15.79","7.55","6.36","13.07","11.89","17.35","11.76","14.15","14.33473684"
"1/20/2022","12.06","19.06","17.48","14.96","13.8","13.52","17.5","15.34","15.93","19.39","12.58","15.88","7.22","5.96","13.26","11.89","17.29","12.2","14.01","14.17526316"
"1/23/2022","12.96","19.43","19.47","16.2","14.6","14.2","18.43","16.75","19.78","20.14","12.35","16.87","6.56","6.68","14.04","10.51","17.71","13.53","14.28","14.97315789"
"1/24/2022","13.14","18.62","19.35","14.95","14.28","13.64","18.56","17.1","20.88","18.98","12.8","16.37","6.53","6.69","13.88","8.02","16.61","13.33","14.4","14.63842105"
"1/25/2022","12.9","17.71","18.56","14.31","13.67","13.04","18.02","17.53","20.88","18.41","12.17","16.06","6.53","6.88","13.58","7.75","16.11","12.59","14.85","14.29210526"
"1/26/2022","12.56","17.35","18.43","14.18","13.12","13.01","18.3","17.95","21.98","17.88","11.73","15.82","6.13","6.46","13.74","7.61","15.49","11.73","15.38","14.15"
"1/27/2022","12.41","16.73","18.54","13.65","13.29","12.92","18.33","17.44","25.27","17.26","11.16","15.73","5.74","6.55","13.43","7.33","15.49","13.08","15.54","14.20473684"
"1/30/2022","12.75","16.92","18.49","14.51","13.72","13.46","18.97","12.82","25.27","16.99","10.82","16.16","6.06","7.35","14.42","7.61","15.25","13.44","15.28","14.22578947"
"1/31/2022","12.16","17.11","18.31","15.11","13.18","12.65","18.75","13.85","24.73","15.91","10.31","15.37","5.57","7.31","14.16","7.05","13.77","12.67","14.73","13.82631579"
"2/1/2022","11.76","16.75","17.16","14.45","12.96","11.83","18.09","13.4","22.53","15.32","10.56","14.52","5.37","6.76","13.53","6.36","13.53","12.47","14.18","13.23842105"
"2/2/2022","11.27","15.5","16.46","14.45","12.67","11.14","17.97","10.2","20.88","14.63","10.35","13.99","5.44","7.07","13.41","5.67","13.39","12.18","13.72","12.65210526"
"2/3/2022","10.73","15.31","15.69","12.92","12.28","10.81","17.19","11.79","23.08","14.37","10.09","13.54","5.54","6.93","12.9","5.67","12.68","10.9","13.04","12.39263158"
"2/6/2022","10.19","14.55","14.92","13.52","11.98","10.47","16.98","10.82","21.43","14.22","9.47","13.22","5.6","7.42","12.57","6.4","12.49","10.81","13.04","12.11052632"
"2/7/2022","9.68","14.12","14.85","12.52","11.59","9.89","15.87","9.18","20.33","13.23","9.61","13.16","5.61","6.95","12.51","5.81","11.75","10.03","11.84","11.50157895"
"2/8/2022","9.38","13.59","14","11","10.83","9.12","15.25","9.18","19.78","12.43","9.05","12.05","5.38","7","11.94","5.95","10.92","9.54","11.14","10.92263158"
"2/9/2022","8.72","12.68","13.2","10.6","10.26","8.88","14.46","8.16","18.13","11.61","8.74","11.4","5.11","6.93","11.38","5.67","10.16","8.53","10.45","10.26684211"
"2/10/2022","8.47","11.87","12.52","10.14","9.94","8.06","13.4","7.65","15.38","10.94","8.36","10.41","4.35","6.73","11","5.26","9.93","8.83","9.92","9.64"
"2/13/2022","7.89","11.47","11.86","9.28","9.51","8.27","12.25","7.14","13.74","10.61","7.58","9.86","4.71","6.8","10.3","5.81","9.86","8.81","9.65","9.231578947"
"2/14/2022","7.25","10.87","11.55","8.95","9.22","7.64","11.43","6.15","12.64","9.85","7.51","9.23","4.55","6.45","10.17","4.98","9.35","8.65","8.78","8.695789474"
"2/15/2022","6.87","10.47","12.11","8.35","8.81","6.97","10.81","5.67","9.89","9.41","7.22","8.81","4.28","5.91","9.81","4.56","8.76","8.2","8.16","8.161578947"
"2/16/2022","6.5","9.63","11.86","7.49","8.39","6.89","10.02","5.67","9.89","8.9","6.55","8.18","3.89","5.83","9.05","4.84","8.18","8","7.17","7.733157895"
"2/17/2022","6.05","9.05","11.75","7.36","7.82","6.29","9.53","5.67","9.89","8.45","6.6","7.75","3.59","5.53","8.7","4.43","7.65","7.97","7.04","7.427368421"
"2/20/2022","5.88","8.84","11.24","6.76","7.29","5.48","9.03","4.64","8.79","8.13","6.07","7.69","3.69","5.83","8.07","4.29","7.55","7.8","7.32","7.073157895"
"2/21/2022","5.55","8.14","10.85","6.03","7.03","6.15","8.27","4.17","9.34","7.58","5.9","7.27","3.43","5.61","7.89","3.6","6.85","7.72","6.74","6.743157895"
"2/22/2022","5.36","7.29","10.22","5.77","6.31","4.26","7.84","3.66","8.24","7.29","5.35","6.61","3.49","5.36","7.38","3.6","6.12","6.74","6.6","6.183684211"
"2/23/2022","5.09","6.31","9.92","5.57","6.08","4.3","7.45","3.65","6.59","6.93","5.47","6","3.13","4.91","7.06","2.9","5.7","6.57","6.12","5.776315789"
"2/24/2022","4.86","5.78","9.05","5.24","5.72","4.11","6.83","4.21","7.14","6.36","5.19","5.69","2.8","4.57","6.49","2.63","5.34","6.63","5.71","5.492105263"
"2/28/2022","4.44","4.7","7.81","4.57","4.82","3.99","6.03","4.76","6.59","5.87","4.9","5.13","2.57","4.21","6.11","2.07","4.54","5.73","5.26","4.952631579"
"3/1/2022","4.23","4.53","7.57","3.98","4.66","3.93","5.76","4.66","6.59","5.56","4.47","4.92","2.5","3.89","5.64","2.35","4.6","5.55","4.76","4.744736842"
"3/2/2022","4.06","4.41","7.3","3.83","4.58","3.95","5.43","5.15","4.95","5.38","5.54","4.8","2.41","3.86","5.42","2.21","4.5","5.18","4.65","4.611052632"
"3/3/2022","3.84","4.36","6.73","3.81","4.52","3.87","5.34","4.62","4.95","4.98","4.26","4.48","2.21","3.86","4.94","2.35","4.1","4.69","4.53","4.338947368"
"3/6/2022","3.86","4.55","6.77","4.21","4.27","3.99","5.1","5.18","3.85","4.74","3.53","4.28","2.18","3.79","4.66","2.21","4.54","4.94","4.1","4.25"
"3/7/2022","3.78","4.37","6.12","4.01","4.1","3.7","4.94","4.12","4.4","4.43","3.08","4.06","1.98","3.84","4.82","2.21","3.96","4.37","3.74","4.001578947"
"3/8/2022","3.62","4.29","5.62","3.33","3.81","3.48","4.81","4.64","4.4","4.24","2.67","3.78","1.98","3.62","4.58","2.77","4.04","4.42","3.54","3.875789474"
"3/9/2022","3.49","4.1","5.48","2.92","3.64","3.22","4.82","4.64","3.85","4.08","2.45","3.55","2.11","3.45","4.2","2.63","3.86","4.32","3.23","3.686315789"
"3/10/2022","3.31","4.22","5.26","2.92","3.46","2.98","4.84","4.64","4.95","4.01","2.4","3.24","2.14","3.44","4.27","2.49","3.91","3.98","3.14","3.663157895"
"3/14/2022","3.43","3.8","6","3.4","3.72","2.96","4.98","4.62","6.04","3.86","2.51","3.16","2.31","3.8","3.89","2.35","4.82","3.66","3.09","3.810526316"
"3/17/2022","3.26","3.78","6.39","2.92","3.51","2.57","4.6","3.06","3.85","3.21","2.57","3.07","2.41","3.67","4.28","2.21","3.96","3.46","2.84","3.453684211"
"3/21/2022","3.19","3.4","7.11","2.92","3.98","3.08","4.46","2.56","2.75","3.48","2.74","3.05","2.44","4.3","4.02","2.77","4.02","3.78","2.39","3.496842105"
"3/24/2022","3.16","3.01","7.18","2.99","3.92","2.61","3.98","3.08","2.75","3.2","2.4","2.94","2.83","4.83","3.62","2.77","3.93","3.51","2.29","3.421052632"
"3/28/2022","3.28","2.95","7.02","2.79","4.24","2.65","3.25","2.05","2.2","3.08","2.69","3.07","3.26","4.95","2.99","2.77","4.07","3.98","2.19","3.341052632"
