Fecha;Andalucia;Aragon;Canarias;Cantabria;Castilla y Leon;Castilla-La Mancha;Cataluna;Ceuta;Melilla;Comunidad de Madrid;Comunidad Foral de Navarra;Comunitat Valenciana;Extremadura;Galicia;Illes Balears;La Rioja;Pais Vasco;Principado de Asturias;Region de Murcia;Espana
04/01/2021;0;0;0;0;0;0;0;0;0;0;0;0;0;0;0;0;0;0;0;0
05/01/2021;0;0;0;0;0;0;0;0;0;0;0;0;0;0;0;0;0;0;0;0
06/01/2021;0;0;0;0;0;0;0;0;0;0;0;0;0;0;0;0;0;0;0;0
07/01/2021;0;0;0;0;0;0;0;0;0;0;0;0;0;0;0;0;0;0;0;0
08/01/2021;0;0;0;0;0;0;0;0;0;0;0;0;0;0;0;0;0;0;0;0
09/01/2021;0;0;0;0;0;0;0;0;0;0;0;0;0;0;0;0;0;0;0;0
10/01/2021;0;0;0;0;0;0;0;0;0;0;0;0;0;0;0;0;0;0;0;0
11/01/2021;0;0;0;0;0;0;0;0;0;0;0;0;0;0;0;0;0;0;0;0
12/01/2021;0;0;0;0;0;0;0;0;0;0;0;0;0;0;0;0;0;0;0;0
13/01/2021;0;0;0;0;0;0;0;0;0;0;0;0;0;0;0;0;0;0;0;0
14/01/2021;0;0;0;0;0;0;0;0;0;0;0;0;0;0;0;0;0;0;0;0
15/01/2021;0;0;0;0;0;0;0;0;0;0;0;0;0;0;0;0;0;0;0;0
16/01/2021;0;0;0;0;0;0;0;0;0;0;0;0;0;0;0;0;0;0;0;0
17/01/2021;0;0;0;0;0;0;0;0;0;0;0;0;0;0;0;0;0;0;0;0
18/01/2021;0;0;0.02;0;0.01;0;0;0.03;0;0.01;0;0;0;0.01;0.01;0;0;0.02;0;0.01
19/01/2021;0.02;0.02;0.02;0;0.02;0.01;0.01;0.03;0.03;0.01;0.05;0.01;0.02;0.04;0.01;0.01;0.02;0.13;0.06;0.03
20/01/2021;0.05;0.05;0.02;0;0.03;0.01;0.01;0.03;0.03;0.01;0.08;0.03;0.02;0.04;0.01;0.01;0.02;0.17;0.1;0.04
21/01/2021;0.18;0.13;0.08;0.04;0.22;0.06;0.03;0.39;0.23;0.03;0.12;0.06;0.06;0.14;0.13;0.08;0.06;0.56;0.12;0.14
22/01/2021;0.25;0.16;0.13;0.04;0.25;0.08;0.05;0.44;0.23;0.03;0.12;0.08;0.06;0.27;0.23;0.1;0.14;0.67;0.14;0.18
23/01/2021;0.25;0.16;0.13;0.04;0.25;0.08;0.05;0.44;0.23;0.03;0.12;0.08;0.06;0.27;0.23;0.1;0.14;0.67;0.14;0.18
24/01/2021;0.25;0.16;0.13;0.04;0.25;0.08;0.05;0.44;0.23;0.03;0.12;0.08;0.06;0.27;0.23;0.1;0.14;0.67;0.14;0.18
25/01/2021;0.3;0.17;0.18;0.04;0.4;0.1;0.1;0.44;0.23;0.04;0.12;0.09;0.06;0.32;0.23;0.1;0.15;0.89;0.29;0.22
26/01/2021;0.45;0.22;0.24;0.05;0.55;0.18;0.12;0.6;0.38;0.06;0.27;0.11;0.16;0.45;0.25;0.14;0.23;1.05;0.39;0.31
27/01/2021;0.6;0.44;0.3;0.05;0.78;0.34;0.24;0.6;0.48;0.08;0.38;0.14;0.29;0.53;0.27;0.21;0.3;1.35;0.49;0.41
28/01/2021;0.65;0.51;0.32;0.13;0.82;0.37;0.3;0.68;0.48;0.1;0.42;0.18;0.29;0.59;0.28;0.34;0.31;1.38;0.58;0.46
29/01/2021;0.8;0.73;0.4;0.16;1.04;0.61;0.46;0.75;0.72;0.16;0.53;0.22;0.42;0.75;0.37;0.5;0.41;1.6;0.61;0.59
30/01/2021;0.8;0.73;0.4;0.16;1.04;0.61;0.46;0.75;0.72;0.16;0.53;0.22;0.42;0.75;0.37;0.5;0.41;1.6;0.61;0.59
31/01/2021;0.8;0.73;0.4;0.16;1.04;0.61;0.46;0.75;0.72;0.16;0.53;0.22;0.42;0.75;0.37;0.5;0.41;1.6;0.61;0.59
01/02/2021;0.93;0.78;0.53;0.47;1.44;0.85;0.78;0.82;0.93;0.23;0.8;0.66;0.81;1;0.41;0.78;0.55;1.91;0.75;0.81
02/02/2021;1.07;0.84;0.67;0.73;1.46;1.04;0.89;0.89;1.19;0.36;0.96;0.89;1.01;1.08;0.43;1.09;0.63;1.91;0.83;0.95
03/02/2021;1.23;1.14;0.79;1.01;1.69;1.2;1.03;0.96;1.22;0.53;1.08;1.16;1.24;1.17;0.45;1.34;0.75;2.18;0.93;1.11
04/02/2021;1.39;1.47;0.93;1.22;1.91;1.35;1.18;1.06;1.23;0.73;1.21;1.34;1.6;1.39;0.68;1.7;0.85;2.52;1.09;1.31
05/02/2021;1.56;1.77;1.11;1.51;2.37;1.48;1.39;1.09;1.23;0.99;1.36;1.49;2.04;1.4;0.85;2.04;0.95;2.82;1.35;1.52
06/02/2021;1.56;1.77;1.11;1.51;2.37;1.48;1.39;1.09;1.23;0.99;1.36;1.49;2.04;1.4;0.85;2.04;0.95;2.82;1.35;1.52
07/02/2021;1.56;1.77;1.11;1.51;2.37;1.48;1.39;1.09;1.23;0.99;1.36;1.49;2.04;1.4;0.85;2.04;0.95;2.82;1.35;1.52
08/02/2021;1.7;1.83;1.29;2.13;2.63;1.57;1.55;1.14;1.23;1.28;1.73;1.64;2.5;1.9;1.15;2.36;1.08;3.09;1.61;1.76
09/02/2021;1.79;1.9;1.33;2.31;2.7;1.62;1.67;1.14;1.24;1.51;1.89;1.73;2.57;2.02;1.2;2.43;1.18;3.14;1.72;1.85
10/02/2021;1.89;2.21;1.38;2.47;2.9;1.74;1.78;1.14;1.24;1.7;2.01;1.77;2.71;2.02;1.24;2.5;1.18;3.17;1.84;1.94
11/02/2021;1.99;2.48;1.38;2.79;3.02;1.87;1.88;1.14;1.24;1.9;2.12;1.79;2.8;2.04;1.33;2.54;1.48;3.21;1.97;2.05
12/02/2021;2.09;2.68;1.87;3;3.15;2.04;1.95;1.14;1.24;2.06;2.2;1.83;2.87;2.04;1.42;2.61;1.63;3.23;2.13;2.17
13/02/2021;2.09;2.68;1.87;3;3.15;2.04;1.95;1.14;1.24;2.06;2.2;1.83;2.87;2.04;1.42;2.61;1.63;3.23;2.13;2.17
14/02/2021;2.09;2.68;1.87;3;3.15;2.04;1.95;1.14;1.24;2.06;2.2;1.83;2.87;2.04;1.42;2.61;1.63;3.23;2.13;2.17
15/02/2021;2.25;2.78;1.99;3.25;3.27;2.41;2.08;1.14;1.24;2.25;2.32;1.86;2.92;2.05;1.59;2.64;1.87;3.28;2.48;2.3
16/02/2021;2.3;2.83;2.03;0;3.34;2.58;2.13;1.15;1.44;2.31;2.43;1.89;3.04;2.12;1.62;2.66;1.88;3.35;2.58;2.19
17/02/2021;2.34;2.98;2.08;3.27;3.4;2.71;2.16;1.15;1.44;2.36;2.55;1.9;3.14;2.12;1.65;2.67;1.95;3.39;2.64;2.42
18/02/2021;2.39;3.08;2.15;3.28;3.47;2.85;2.19;1.21;1.44;2.42;2.68;1.91;3.33;2.13;1.7;2.75;1.97;3.46;2.78;2.48
19/02/2021;2.47;3.19;2.24;3.32;3.51;2.93;2.27;1.29;1.44;2.46;2.79;1.93;3.43;2.13;1.75;2.77;1.98;3.57;2.86;2.54
20/02/2021;2.47;3.19;2.24;3.32;3.51;2.93;2.27;1.29;1.44;2.46;2.79;1.93;3.43;2.13;1.75;2.77;1.98;3.57;2.86;2.54
21/02/2021;2.47;3.19;2.24;3.32;3.51;2.93;2.27;1.29;1.44;2.46;2.79;1.93;3.43;2.13;1.75;2.77;1.98;3.57;2.86;2.54
22/02/2021;2.54;3.22;2.29;3.4;3.57;3.01;2.31;1.29;1.45;2.49;2.93;1.95;3.56;2.14;1.75;2.85;2.01;3.7;3.02;2.6
23/02/2021;2.56;3.29;2.29;3.41;3.61;3.09;2.34;1.29;1.45;2.5;3.04;1.96;3.57;2.15;1.75;2.87;2.02;3.72;3.1;2.63
24/02/2021;2.59;3.32;2.3;3.42;3.65;3.17;2.36;1.29;1.45;2.52;3.09;1.98;3.61;2.16;1.76;2.87;2.05;3.77;3.21;2.66
25/02/2021;2.62;3.36;2.35;3.43;3.68;3.22;2.37;1.29;1.45;2.53;3.15;1.99;3.62;2.16;1.79;2.88;2.06;3.8;3.27;2.69
26/02/2021;2.66;3.46;2.35;3.49;3.71;3.27;2.39;1.35;1.46;2.53;3.22;2;3.63;2.17;1.8;2.88;2.08;3.8;3.3;2.71
27/02/2021;2.66;3.46;2.35;3.49;3.71;3.27;2.39;1.35;1.46;2.53;3.22;2;3.63;2.17;1.8;2.88;2.08;3.8;3.3;2.71
28/02/2021;2.66;3.46;2.35;3.49;3.71;3.27;2.39;1.35;1.46;2.53;3.22;2;3.63;2.17;1.8;2.88;2.08;3.8;3.3;2.71
01/03/2021;2.7;3.52;2.36;3.51;3.76;3.36;2.42;1.35;1.46;2.58;3.28;2.02;3.69;2.18;1.87;2.88;2.14;3.85;3.32;2.75
02/03/2021;2.7;3.53;2.37;3.53;3.79;3.39;2.43;1.42;1.47;2.59;3.33;2.02;3.72;2.18;1.89;2.9;2.16;3.87;3.35;2.77
03/03/2021;2.76;3.54;2.46;3.53;3.88;3.43;2.44;1.53;1.47;2.6;3.39;2.09;3.81;2.19;1.91;2.91;2.19;4.04;3.38;2.82
04/03/2021;2.81;3.6;2.49;3.54;3.97;3.48;2.44;1.53;1.47;2.61;3.46;2.16;3.92;2.3;1.99;3.05;2.26;4.15;3.38;2.87
05/03/2021;2.88;3.73;2.51;3.56;4.08;3.52;2.48;1.87;1.47;2.62;3.58;2.24;4.06;2.54;2.04;3.23;2.36;4.29;3.39;2.97
06/03/2021;2.88;3.73;2.51;3.56;4.08;3.52;2.48;1.87;1.47;2.62;3.58;2.24;4.06;2.54;2.04;3.23;2.36;4.29;3.39;2.97
07/03/2021;2.88;3.73;2.51;3.56;4.08;3.52;2.48;1.87;1.47;2.62;3.58;2.24;4.06;2.54;2.04;3.23;2.36;4.29;3.39;2.97
08/03/2021;2.88;3.78;2.52;3.6;4.16;3.55;2.61;2.16;1.9;2.64;3.67;2.24;4.27;2.79;2.08;3.43;2.45;4.38;3.4;3.08
09/03/2021;3.11;3.79;2.57;3.64;4.27;3.57;2.66;2.8;1.97;2.66;3.73;2.38;4.33;2.82;2.11;3.54;2.45;4.42;3.4;3.17
10/03/2021;3.25;3.87;2.62;3.72;4.42;3.62;2.73;2.9;2.24;2.7;3.75;2.46;4.44;2.85;2.12;3.62;2.49;4.5;3.42;3.25
11/03/2021;3.46;4;2.69;3.88;4.59;3.72;2.81;3.01;2.32;2.75;3.76;2.58;4.57;2.94;2.26;3.86;2.61;4.73;3.46;3.37
12/03/2021;3.81;4.19;2.78;4.04;4.8;3.82;2.92;3.01;2.4;2.81;3.76;2.83;4.76;3.02;2.45;3.95;2.61;5.03;3.62;3.51
13/03/2021;3.81;4.19;2.78;4.04;4.8;3.82;2.92;3.01;2.4;2.81;3.76;2.83;4.76;3.02;2.45;3.95;2.61;5.03;3.62;3.51
14/03/2021;3.81;4.19;2.78;4.04;4.8;3.82;2.92;3.01;2.4;2.81;3.76;2.83;4.76;3.02;2.45;3.95;2.61;5.03;3.62;3.51
15/03/2021;4.22;4.4;2.93;4.3;5.08;3.88;3.11;3.01;2.62;2.88;4.16;3.03;4.96;3.3;2.66;4.12;2.9;5.55;3.81;3.73
16/03/2021;4.29;4.42;3.02;4.44;5.21;3.92;3.16;3.01;2.72;2.94;4.27;3.06;5.06;3.55;2.67;4.39;2.96;5.73;3.84;3.82
17/03/2021;4.53;4.71;3.19;4.81;5.42;4.04;3.35;3.01;2.72;3;4.36;3.06;5.4;3.78;2.7;4.57;3.08;6.22;3.88;3.99
18/03/2021;4.81;5.03;3.36;5.38;5.42;4.23;3.35;3.02;2.73;3.1;4.43;3.5;5.4;4.01;2.8;4.72;3.14;6.68;3.88;4.16
19/03/2021;4.81;5.03;3.36;5.38;5.42;4.23;3.35;3.02;2.73;3.1;4.43;3.5;5.4;4.01;2.8;4.72;3.14;6.68;3.88;4.16
20/03/2021;4.81;5.03;3.36;5.38;5.42;4.23;3.35;3.02;2.73;3.1;4.43;3.5;5.4;4.01;2.8;4.72;3.14;6.68;3.88;4.16
21/03/2021;4.81;5.03;3.36;5.38;5.42;4.23;3.35;3.02;2.73;3.1;4.43;3.5;5.4;4.01;2.8;4.72;3.14;6.68;3.88;4.16
22/03/2021;4.96;5.42;3.65;6.2;6.38;4.58;4.4;3.02;2.74;3.43;4.66;3.92;6.09;4.44;3.06;5.24;3.27;7.22;4.28;4.58
23/03/2021;4.99;5.42;3.76;6.26;6.57;4.63;4.45;3.02;2.74;3.68;4.71;3.99;6.16;4.57;3.07;5.49;3.4;7.28;4.38;4.66
24/03/2021;5.38;5.59;3.99;6.69;6.85;4.81;4.59;3.05;2.74;3.96;4.84;4.25;6.35;4.82;3.08;5.74;3.53;7.46;4.58;4.86
25/03/2021;5.58;6;4.18;6.92;7.11;5.12;4.88;3.81;2.77;4.24;5.14;4.5;6.64;5.05;3.22;5.75;3.76;7.63;4.68;5.1
26/03/2021;5.78;6.35;4.34;7.24;7.52;5.43;5.11;3.94;2.77;4.51;5.32;4.71;6.84;5.2;3.35;5.93;4.02;7.77;5.09;5.33
27/03/2021;5.78;6.35;4.34;7.24;7.52;5.43;5.11;3.94;2.77;4.51;5.32;4.71;6.84;5.2;3.35;5.93;4.02;7.77;5.09;5.33
28/03/2021;5.78;6.35;4.34;7.24;7.52;5.43;5.11;3.94;2.77;4.51;5.32;4.71;6.84;5.2;3.35;5.93;4.02;7.77;5.09;5.33
29/03/2021;5.93;6.44;4.5;7.38;7.86;5.61;5.29;4.22;2.78;4.8;5.48;4.85;6.92;5.35;3.72;6.1;4.41;7.97;5.48;5.53
30/03/2021;5.96;6.46;4.63;7.42;7.87;5.75;5.32;4.28;2.78;5.06;5.5;4.86;6.92;5.47;3.78;6.42;4.56;8.13;5.54;5.62
31/03/2021;5.99;6.72;4.81;7.56;8.27;6.01;5.41;4.28;2.78;5.31;5.64;4.97;7.01;5.72;3.88;6.55;4.75;8.55;5.67;5.78
01/04/2021;6.08;7.04;4.99;7.56;8.66;6.01;5.55;4.28;2.78;5.56;5.99;5.08;7.21;6.01;3.88;6.87;4.75;8.8;5.82;5.94
02/04/2021;6.08;7.04;4.99;7.56;8.66;6.01;5.55;4.28;2.78;5.56;5.99;5.08;7.21;6.01;3.88;6.87;4.75;8.8;5.82;5.94
03/04/2021;6.17;7.28;5.01;7.69;8.7;6.4;5.55;4.28;2.78;5.57;5.99;5.19;7.22;6.31;4.2;7.36;4.75;9;5.99;6.08
04/04/2021;6.17;7.28;5.01;7.69;8.7;6.4;5.55;4.28;2.78;5.57;5.99;5.19;7.22;6.31;4.2;7.36;4.75;9;5.99;6.08
05/04/2021;6.17;7.28;5.02;7.69;8.7;6.41;5.65;4.31;2.79;5.57;5.99;5.2;7.22;6.34;4.21;7.36;4.75;9.11;5.99;6.09
06/04/2021;6.2;7.29;5.07;7.7;8.92;6.49;5.65;4.32;2.86;5.81;6.53;5.2;7.32;6.52;4.22;7.58;5.23;9.17;6.01;6.22
07/04/2021;6.25;7.36;5.07;7.71;9.2;6.78;5.69;4.32;2.86;6.01;6.62;5.2;7.53;6.52;4.35;7.58;5.23;9.3;6.01;6.29
08/04/2021;6.28;7.53;5.22;7.71;9.4;7.11;5.76;4.32;3.03;6.18;6.88;5.49;7.8;6.77;4.56;7.65;5.6;9.33;6.25;6.47
09/04/2021;6.33;7.65;5.26;7.72;9.59;7.33;5.81;4.32;3.37;6.29;7.01;5.62;8.08;6.86;4.7;7.73;5.8;9.4;6.53;6.6
10/04/2021;6.33;7.65;5.26;7.72;9.59;7.33;5.81;4.32;3.37;6.29;7.01;5.62;8.08;6.86;4.7;7.73;5.8;9.4;6.53;6.6
11/04/2021;6.33;7.65;5.26;7.72;9.59;7.33;5.81;4.32;3.37;6.29;7.01;5.62;8.08;6.86;4.7;7.73;5.8;9.4;6.53;6.6
12/04/2021;6.38;7.68;5.3;7.78;9.74;7.44;5.89;4.33;3.94;6.37;7.31;5.62;8.1;6.89;4.86;7.77;6.08;9.54;6.58;6.72
13/04/2021;6.42;7.69;5.31;7.85;9.81;7.46;5.89;4.33;4.27;6.42;7.37;5.67;8.1;7.07;4.86;7.81;6.44;9.65;6.58;6.79
14/04/2021;6.51;7.74;5.33;7.92;9.94;7.59;5.94;4.4;4.43;6.46;7.6;5.73;8.48;7.27;4.92;7.89;6.86;9.92;6.62;6.92
15/04/2021;6.62;7.86;5.37;8.09;10.12;7.82;6.04;4.49;4.66;6.5;7.86;5.88;8.97;7.51;5.1;8.07;7.21;10.29;6.69;7.11
16/04/2021;6.77;8.11;5.45;8.22;10.33;8.01;6.2;4.5;4.93;6.53;8.18;6.02;9.37;7.77;5.26;8.13;7.42;10.74;6.73;7.3
17/04/2021;6.77;8.11;5.45;8.22;10.33;8.01;6.2;4.5;4.93;6.53;8.18;6.02;9.37;7.77;5.26;8.13;7.42;10.74;6.73;7.3
18/04/2021;6.77;8.11;5.45;8.22;10.33;8.01;6.2;4.5;4.93;6.53;8.18;6.02;9.37;7.77;5.26;8.13;7.42;10.74;6.73;7.3
19/04/2021;7;8.39;5.54;8.38;10.5;8.15;6.39;4.5;4.93;6.68;8.37;6.1;9.48;8;5.44;8.19;7.68;11.17;6.75;7.45
20/04/2021;7;8.44;5.66;8.67;10.62;8.34;6.4;4.5;5.02;6.74;8.44;6.22;9.48;8.33;5.47;8.3;7.84;11.3;6.89;7.56
21/04/2021;7.57;8.69;5.9;9.12;10.96;8.6;6.82;4.6;5.03;6.83;8.75;6.6;9.98;8.6;5.68;8.5;8.03;11.66;7.1;7.84
22/04/2021;7.89;9.01;6.1;9.5;11.26;9;7.44;5.4;5.43;6.86;8.9;7.05;10.57;8.93;5.89;8.63;8.06;12.03;7.42;8.18
23/04/2021;8.03;9.28;6.23;9.56;11.26;9.17;7.94;5.9;5.45;6.87;9.13;7.46;10.8;9.03;6;8.65;8.08;12.27;7.47;8.35
24/04/2021;8.03;9.28;6.23;9.56;11.26;9.17;7.94;5.9;5.45;6.87;9.13;7.46;10.8;9.03;6;8.65;8.08;12.27;7.47;8.35
25/04/2021;8.03;9.28;6.23;9.56;11.26;9.17;7.94;5.9;5.45;6.87;9.13;7.46;10.8;9.03;6;8.65;8.08;12.27;7.47;8.35
26/04/2021;8.16;9.63;6.52;9.62;11.58;9.36;8.09;6;5.75;6.95;9.15;7.72;10.83;9.26;6.41;8.66;8.26;12.53;7.57;8.53
27/04/2021;8.37;9.69;6.64;9.85;11.8;9.39;8.18;6.07;6.41;7.03;9.8;7.84;10.95;9.72;6.44;8.67;8.53;12.83;7.57;8.73
28/04/2021;8.77;9.93;6.94;10.65;12.23;9.6;8.55;6.6;6.41;7.22;9.98;8.09;11.56;10.09;6.58;9.02;8.53;13.39;7.67;9.04
29/04/2021;9.45;10.64;7.29;10.85;12.82;10.02;9.31;7.03;7.05;7.51;10.22;8.68;12.27;10.36;6.94;9.44;8.85;14.14;7.8;9.51
30/04/2021;10;11.34;7.62;11.66;13.7;10.57;10.07;7.79;7.25;7.85;10.7;9.46;13.09;10.62;7.38;10.38;9.5;14.93;7.91;10.1
01/05/2021;10;11.34;7.62;11.66;13.7;10.57;10.07;7.79;7.25;7.85;10.7;9.46;13.09;10.62;7.38;10.38;9.5;14.93;7.91;10.1
02/05/2021;10;11.34;7.62;11.66;13.7;10.57;10.07;7.79;7.25;7.85;10.7;9.46;13.09;10.62;7.38;10.38;9.5;14.93;7.91;10.1
03/05/2021;10.35;11.89;8.14;12.97;14.45;11.08;10.69;12.93;8.2;8.69;11.57;10.03;14.25;14.21;8.14;10.79;11.14;16.65;8.32;11.29
04/05/2021;10.82;12.04;8.34;12.57;14.86;11.1;10.82;8.18;7.32;8.87;11.92;10.23;13.83;14.44;8.46;11.37;11.6;16.83;8.25;11.15
05/05/2021;11.21;12.37;8.89;13.23;15.37;11.4;11.26;8.79;7.55;9.26;12.35;10.71;14.39;14.54;8.72;12.09;12;17.53;8.44;11.58
06/05/2021;11.7;13.64;9.38;13.81;16.14;12.04;11.94;9.15;7.57;9.76;12.69;11.35;15.08;16.16;9.09;12.52;12.54;17.95;8.64;12.17
07/05/2021;12.17;14.83;9.85;14.41;17.21;12.72;12.57;9.47;7.77;10.21;13.02;12.02;15.71;16.26;9.47;13.09;12.94;18.38;9.01;12.69
08/05/2021;12.17;14.83;9.85;14.41;17.21;12.72;12.57;9.47;7.77;10.21;13.02;12.02;15.71;16.26;9.47;13.09;12.94;18.38;9.01;12.69
09/05/2021;12.17;14.83;9.85;14.41;17.21;12.72;12.57;9.47;7.77;10.21;13.02;12.02;15.71;16.26;9.47;13.09;12.94;18.38;9.01;12.69
10/05/2021;12.63;15.44;10.37;15.13;17.95;13.24;13.01;9.6;7.77;10.87;13.79;12.62;16.09;16.87;10.05;14.08;13.28;19.23;9.87;13.26
11/05/2021;12.92;15.48;10.59;15.21;18.3;13.28;13.06;9.78;7.77;11.32;14.25;12.84;16.14;17.02;10.17;14.46;13.37;19.69;10.17;13.46
12/05/2021;13.23;16.01;10.99;15.58;19.02;13.55;13.23;9.8;8.14;11.76;14.71;13.28;16.56;17.08;10.41;15.24;13.92;20.34;10.74;13.87
13/05/2021;13.52;17.09;11.37;15.82;19.02;14.32;13.47;9.81;8.14;12.21;15.14;13.47;17.16;19.03;10.77;15.8;14.25;21.01;11.28;14.35
14/05/2021;14.09;18.14;11.8;16.47;21.02;15.18;13.81;9.82;8.6;12.66;15.58;13.79;18;19.15;11.14;16.62;14.4;21.59;12.3;14.96
15/05/2021;14.09;18.14;11.8;16.47;21.02;15.18;13.81;9.82;8.6;12.66;15.58;13.79;18;19.15;11.14;16.62;14.4;21.59;12.3;14.96
16/05/2021;14.09;18.14;11.8;16.47;21.02;15.18;13.81;9.82;8.6;12.66;15.58;13.79;18;19.15;11.14;16.62;14.4;21.59;12.3;14.96
17/05/2021;14.53;18.19;12.27;17.22;21.56;15.85;14.12;9.88;8.65;13.28;16.34;14.03;18.62;20.12;11.59;17.3;15.26;22.61;12.62;15.48
18/05/2021;14.77;18.29;12.48;17.65;21.96;16.03;14.16;9.99;8.7;13.68;16.67;14.2;18.73;20.15;11.68;18.19;15.91;22.86;12.82;15.73
19/05/2021;15.04;18.71;12.73;17.92;22.51;16.44;14.32;10.12;8.75;14.21;17.24;14.2;19.19;20.27;11.76;18.64;16.52;23.53;13.24;16.07
20/05/2021;15.32;19.53;12.78;18.7;23.26;17.03;14.44;10.14;8.86;14.63;17.97;15.12;19.74;21.54;11.95;19.19;17.04;24.02;13.7;16.58
21/05/2021;15.65;20.36;13.04;18.95;23.69;17.73;14.6;10.25;8.86;15.02;18.36;15.35;20.31;22.33;12.07;19.36;17.22;24.38;14.16;16.93
22/05/2021;15.65;20.36;13.04;18.95;23.69;17.73;14.6;10.25;8.86;15.02;18.36;15.35;20.31;22.33;12.07;19.36;17.22;24.38;14.16;16.93
23/05/2021;15.65;20.36;13.04;18.95;23.69;17.73;14.6;10.25;8.86;15.02;18.36;15.35;20.31;22.33;12.07;19.36;17.22;24.38;14.16;16.93
24/05/2021;16.03;20.88;13.32;19.62;24.56;18.4;15.39;10.28;9.21;15.95;19.27;15.35;20.39;22.59;12.5;20.42;17.95;24.96;14.95;17.47
25/05/2021;16.27;20.92;13.8;19.97;24.82;18.57;15.53;10.29;9.45;16.19;19.46;16.05;20.43;22.65;12.58;21.04;18.04;25.26;15.19;17.71
26/05/2021;16.62;21.28;14.01;20.41;25.28;18.89;15.9;10.34;9.54;16.49;19.76;16.89;20.86;22.67;12.8;21.41;18.4;25.62;15.83;18.05
27/05/2021;17.09;21.59;14.21;20.75;25.72;19.23;16.17;10.53;10.87;16.8;19.96;17.44;21.46;22.69;13.18;21.92;18.97;25.93;16.55;18.48
28/05/2021;17.67;21.88;14.46;20.92;26.23;19.59;16.49;11.2;12.33;17.18;20.39;17.61;22.15;22.86;13.54;21.98;19.81;26.4;17;18.93
29/05/2021;17.67;21.88;14.46;20.92;26.23;19.59;16.49;11.2;12.33;17.18;20.39;17.61;22.15;22.86;13.54;21.98;19.81;26.4;17;18.93
30/05/2021;17.67;21.88;14.46;20.92;26.23;19.59;16.49;11.2;12.33;17.18;20.39;17.61;22.15;22.86;13.54;21.98;19.81;26.4;17;18.93
31/05/2021;18.49;22.21;14.92;21.46;27.02;20.35;17.88;12.01;13.12;17.71;21.68;17.88;22.87;24.85;13.79;22.04;21.74;27.27;17.72;19.74
01/06/2021;18.98;22.31;15.19;21.89;27.5;20.38;18.29;12.53;13.14;18.1;22.2;18.06;23;25.57;13.87;22.69;22.15;27.82;18.37;20.11
02/06/2021;19.66;22.42;15.88;22.77;27.87;20.84;18.98;13.52;13.25;18.5;22.97;18.83;23.55;26.55;13.97;23.24;22.46;28.34;18.66;20.65
03/06/2021;20.39;22.77;16.4;23.48;28.16;21.6;19.7;14.59;14.57;18.94;23.68;20.03;24.26;26.67;14.32;24.11;23.06;29.04;18.89;21.3
04/06/2021;21.03;23.65;17.05;23.66;28.69;21.67;20.34;16.16;15.56;19.42;24.05;20.46;25.02;27.8;14.87;24.94;23.57;29.82;19.3;21.95
05/06/2021;21.03;23.65;17.05;23.66;28.69;21.67;20.34;16.16;15.56;19.42;24.05;20.46;25.02;27.8;14.87;24.94;23.57;29.82;19.3;21.95
06/06/2021;21.03;23.65;17.05;23.66;28.69;21.67;20.34;16.16;15.56;19.42;24.05;20.46;25.02;27.8;14.87;24.94;23.57;29.82;19.3;21.95
07/06/2021;21.88;25.8;18.89;24.34;29.84;22.79;21.89;18.62;16.27;21.85;26.71;20.84;26.51;29.63;17.38;26.2;27.54;31.98;20.39;23.65
08/06/2021;22.36;26.27;19.61;24.62;30.26;23.16;22.15;19.24;17.88;22.32;27.14;21.69;26.88;30.48;17.92;26.4;28.36;32.52;21.4;24.25
09/06/2021;23.03;26.68;20.4;25.42;30.86;23.77;22.77;20.66;18.83;22.8;27.61;22.58;27.69;31.76;18.42;26.4;28.81;32.95;20.39;24.83
10/06/2021;23.81;27.56;21.17;25.84;31.51;24.62;23.45;21.7;19.45;23.4;28.1;23.35;28.42;32.03;19.31;27.12;29.32;33.34;22.34;25.57
11/06/2021;24.57;28.36;21.94;27.01;32.06;25.53;24.16;23.4;20.7;24;28.73;24.49;29.59;32.21;20.29;27.12;30.12;33.66;23.33;26.38
12/06/2021;24.57;28.36;21.94;27.01;32.06;25.53;24.16;23.4;20.7;24;28.73;24.49;29.59;32.21;20.29;27.12;30.12;33.66;23.33;26.38
13/06/2021;24.57;28.36;21.94;27.01;32.06;25.53;24.16;23.4;20.7;24;28.73;24.49;29.59;32.21;20.29;27.12;30.12;33.66;23.33;26.38
14/06/2021;25.38;29.14;23.66;27.98;32.88;26.63;25.21;25.01;22.12;25.64;29.72;25.35;30.79;33.75;22.77;28.45;31.61;34.8;24.51;27.65
15/06/2021;25.8;29.52;24.4;28.36;33.06;26.86;25.49;25.02;22.81;26.41;30.21;25.35;31.34;34.06;23.55;29;32.06;35.24;24.94;28.08
16/06/2021;26.38;30.19;25.24;28.96;33.45;27.39;25.94;26.74;23.26;27.05;30.66;26.1;32.09;35.11;24.24;29.75;32.66;35.84;25.21;28.75
17/06/2021;27.05;31.42;25.65;29.62;34.18;28.14;26.53;28.23;26.41;27.71;31.4;26.97;32.82;36.3;24.83;30.71;33.17;36.49;25.69;29.65
18/06/2021;27.73;32.69;26.44;30.3;34.68;29.16;27.2;29.68;27.52;28.34;31.64;27.25;33.83;36.67;25.45;31.88;33.61;36.87;26.31;30.38
19/06/2021;27.73;32.69;26.44;30.3;34.68;29.16;27.2;29.68;27.52;28.34;31.64;27.25;33.83;36.67;25.45;31.88;33.61;36.87;26.31;30.38
20/06/2021;27.73;32.69;26.44;30.3;34.68;29.16;27.2;29.68;27.52;28.34;31.64;27.25;33.83;36.67;25.45;31.88;33.61;36.87;26.31;30.38
21/06/2021;28.58;33.44;28;31.23;35.64;30.63;28.48;30.03;28.49;29.42;32.82;27.62;35.28;37.33;27.27;33.71;34.79;38.06;27.44;31.49
22/06/2021;29.14;33.88;28.8;31.23;36.15;31.12;29.23;31.36;29.68;30.07;33.17;28.06;36.01;39.01;28.02;34.9;35.14;39.12;27.68;32.2
23/06/2021;29.95;34.55;29.73;32.37;36.94;31.78;30.14;31.99;31.02;30.9;33.83;28.97;36.85;39.23;28.62;36.14;35.84;40.15;29.1;33.06
24/06/2021;31.02;36.01;30.71;32.37;37.56;32.72;30.84;32.68;31.63;31.71;34.71;30.74;37.74;40.41;29.32;36.72;36.43;40.82;30.27;33.92
25/06/2021;32.04;37.26;31.36;34.39;38.47;33.38;31.06;33.37;31.9;32.55;35.83;30.74;38.7;40.63;29.93;37.31;36.97;41.58;30.27;34.62
26/06/2021;32.04;37.26;31.36;34.39;38.47;33.38;31.06;33.37;31.9;32.55;35.83;30.74;38.7;40.63;29.93;37.31;36.97;41.58;30.27;34.62
27/06/2021;32.04;37.26;31.36;34.39;38.47;33.38;31.06;33.37;31.9;32.55;35.83;30.74;38.7;40.63;29.93;37.31;36.97;41.58;30.27;34.62
28/06/2021;33.49;38.27;32.91;36.1;40.78;35.26;32.52;34.57;32.58;33.44;37.53;31.83;40.28;43.06;31.8;38.9;39.02;42.88;32.3;36.19
29/06/2021;34.39;38.87;33.59;36.85;41.58;35.79;33.35;34.92;33;34.83;38.33;33.69;40.8;44.28;32.31;39.84;40.07;43.94;32.5;37
30/06/2021;35.48;39.9;34.44;36.85;42.55;36.7;34.21;35.74;33.76;35.54;39.26;34.59;41.9;44.78;33.15;41.04;40.76;45.56;34.18;37.92
01/07/2021;36.7;41.13;35.24;36.85;43.42;37.8;35.11;36.29;34.12;36.26;40.31;35.94;43.12;45.68;33.97;41.94;41.44;46.92;35.16;38.81
02/07/2021;37.85;42.63;35.89;39.69;44.4;38.73;36.14;36.85;35.29;36.97;40.95;36.91;44.46;46.78;34.83;42.63;41.88;48.16;36.08;39.85
03/07/2021;37.85;42.63;35.89;39.69;44.4;38.73;36.14;36.85;35.29;36.97;40.95;36.91;44.46;46.78;34.83;42.63;41.88;48.16;36.08;39.85
04/07/2021;37.85;42.63;35.89;39.69;44.4;38.73;36.14;36.85;35.29;36.97;40.95;36.91;44.46;46.78;34.83;42.63;41.88;48.16;36.08;39.85
05/07/2021;39.34;43.79;37.36;39.7;45.74;40.18;38.29;37.91;35.76;38.09;43.18;37.6;45.94;47.95;36.63;43.87;43.49;49.27;37.34;41.13
06/07/2021;40.23;44.6;38.03;39.7;46.81;40.7;39.23;38.14;36.1;38.67;43.68;38.83;46.48;48.99;37.62;44.83;43.98;50.5;37.73;41.83
07/07/2021;41.26;45.48;38.74;43.19;47.85;41.27;40.31;38.65;36.72;39.31;44.15;40.3;47.29;49.13;38.63;45.46;44.59;51.62;39.19;42.8
08/07/2021;42.37;46.36;39.39;44.17;48.9;42.31;42.83;39.2;37.34;39.9;44.68;41.62;48.4;49.22;39.48;46.19;45.23;52.77;40.11;43.71
09/07/2021;43.41;47.37;40;45.07;50.23;43.21;43.89;40.53;38.44;40.57;45.61;42.65;50;50.29;40.33;46.97;45.99;54.07;41.47;44.74
10/07/2021;43.41;47.37;40;45.07;50.23;43.21;43.89;40.53;38.44;40.57;45.61;42.65;50;50.29;40.33;46.97;45.99;54.07;41.47;44.74
11/07/2021;43.41;47.37;40;45.07;50.23;43.21;43.89;40.53;38.44;40.57;45.61;42.65;50;50.29;40.33;46.97;45.99;54.07;41.47;44.74
12/07/2021;44.63;48.26;41.63;46.98;52.21;44.48;46.16;42.02;39.07;41.4;48.14;44.22;51.2;54.5;41.68;47.91;47.85;56.42;42.47;46.38
13/07/2021;45.59;48.96;42.25;47.75;53.08;45.05;47.03;43.11;39.96;42.03;48.78;44.3;51.51;55.96;42.49;48.82;48.3;57.57;43.11;47.14
14/07/2021;46.51;49.74;43.03;48.66;54.03;45.77;47.89;44.26;40.79;42.72;49.49;44.76;52.35;56.79;43.31;49.26;48.99;58.64;43.87;47.94
15/07/2021;47.47;50.57;43.91;49.49;55.18;46.69;48.78;45.72;41.46;43.39;50.27;46.22;53.35;57.03;44.46;50.25;50.25;59.55;44.35;48.86
16/07/2021;48.48;51.66;44.61;50.17;56.15;47.74;49.43;46.88;42.22;44.15;50.9;47.2;54.47;58.03;45.25;51.03;51.36;60.67;45.36;49.78
17/07/2021;48.48;51.66;44.61;50.17;56.15;47.74;49.43;46.88;42.22;44.15;50.9;47.2;54.47;58.03;45.25;51.03;51.36;60.67;45.36;49.78
18/07/2021;48.48;51.66;44.61;50.17;56.15;47.74;49.43;46.88;42.22;44.15;50.9;47.2;54.47;58.03;45.25;51.03;51.36;60.67;45.36;49.78
19/07/2021;49.54;52.4;46.03;51.45;57.74;49.08;50.91;47.43;42.56;46.82;52.94;47.32;55.26;59.46;46.73;51.73;52.98;62.62;46.99;51.05
20/07/2021;50.68;52.96;46.67;52.39;58.1;49.58;51.63;48.06;42.8;47.44;53.45;47.62;56.01;59.6;47.75;51.94;53.36;63.19;47.29;51.61
21/07/2021;51.41;53.69;47.61;53.43;58.54;50.19;52.17;48.08;42.82;48.3;54.13;48.84;56.83;60.47;48.58;52.16;53.93;63.72;47.76;52.25
22/07/2021;52.12;54.63;48.26;54.3;58.96;50.97;52.87;48.96;43.88;49.11;54.83;50.21;58.73;60.55;49.18;52.77;54.5;64.16;48.33;53.02
23/07/2021;52.87;55.5;50.28;55.21;59.78;51.69;53.51;50.2;45.09;49.75;55.42;50.64;59.7;60.7;49.76;53.18;55.45;64.7;48.84;53.8
24/07/2021;52.87;55.5;50.28;55.21;59.78;51.69;53.51;50.2;45.09;49.75;55.42;50.64;59.7;60.7;49.76;53.18;55.45;64.7;48.84;53.8
25/07/2021;52.87;55.5;50.28;55.21;59.78;51.69;53.51;50.2;45.09;49.75;55.42;50.64;59.7;60.7;49.76;53.18;55.45;64.7;48.84;53.8
26/07/2021;53.66;56.13;52;56.22;60.52;52.62;54.78;51.1;45.1;51.1;56.42;51;60.62;62.23;51.49;53.54;59;65.43;49.87;54.89
27/07/2021;53.99;56.57;52.42;56.4;60.92;53.04;55.06;52.4;46.17;52.1;56.9;51.33;60.87;62.66;52.27;53.95;59.02;65.88;50.06;55.37
28/07/2021;54.39;57.33;52.98;56.4;61.19;53.61;55.39;53.6;47.18;52.99;57.04;52.07;61.45;62.77;53.09;54.34;61.06;65.94;50.22;55.95
29/07/2021;54.73;58.33;53.62;56.89;61.67;54.2;55.86;54.24;48.15;53.91;57.66;52.52;62.01;63.91;53.63;54.98;61.54;66.27;50.6;56.56
30/07/2021;55.15;59.5;54.12;57.46;62.03;54.83;56.42;54.94;49.36;54.79;58.26;52.66;62.79;64.01;54.12;54.98;61.83;66.47;51.29;57.11
31/07/2021;55.15;59.5;54.12;57.46;62.03;54.83;56.42;54.94;49.36;54.79;58.26;52.66;62.79;64.01;54.12;54.98;61.83;66.47;51.29;57.11
01/08/2021;55.15;59.5;54.12;57.46;62.03;54.83;56.42;54.94;49.36;54.79;58.26;52.66;62.79;64.01;54.12;54.98;61.83;66.47;51.29;57.11
02/08/2021;55.52;60.24;55.23;57.89;62.3;55.65;57.37;55.24;50.06;56;59.8;52.77;63.4;64.65;55.48;55.74;62.31;67.19;51.62;57.81
03/08/2021;55.83;60.61;55.7;58.16;62.6;55.95;57.65;55.39;50.1;56.64;60.2;53.28;63.89;64.7;55.92;56.23;62.62;67.48;51.76;58.14
04/08/2021;56.21;61.14;56.15;59.73;63.09;56.32;57.82;56.36;50.85;57.34;60.73;57.13;64.61;64.83;56.32;57.99;62.86;67.81;52.14;58.92
05/08/2021;56.75;62.16;56.64;60.1;63.59;56.8;58.04;56.76;51.87;58.15;61.23;57.35;65;65.63;56.62;58.36;62.87;67.97;52.71;59.4
06/08/2021;57.27;62.99;57.07;60.7;63.99;57.29;58.41;56.77;52.05;58.87;61.79;57.49;65.87;65.77;56.86;59.15;63.46;68.51;53.22;59.87
07/08/2021;57.27;62.99;57.07;60.7;63.99;57.29;58.41;56.77;52.05;58.87;61.79;57.49;65.87;65.77;56.86;59.15;63.46;68.51;53.22;59.87
08/08/2021;57.27;62.99;57.07;60.7;63.99;57.29;58.41;56.77;52.05;58.87;61.79;57.49;65.87;65.77;56.86;59.15;63.46;68.51;53.22;59.87
09/08/2021;57.91;63.61;57.84;61.64;65.38;57.9;59.06;57.11;52.24;59.99;62.43;57.6;66.49;66.62;57.65;59.57;63.95;68.67;54.05;60.51
10/08/2021;58.34;63.87;58.36;61.88;65.93;58.14;59.23;57.37;53.14;60.54;63.05;58.3;66.66;66.65;57.98;60.4;64.31;68.43;54.3;60.89
11/08/2021;58.83;64.34;58.74;62.18;66.6;58.42;59.45;57.81;53.2;61.1;63.48;59.22;67.03;66.79;58.28;61.29;64.7;69.49;54.77;61.35
12/08/2021;59.33;65.11;59.09;62.44;67.22;58.91;59.78;57.94;53.25;61.64;63.87;59.91;67.46;66.93;58.73;61.92;65.09;70.08;55.48;61.8
13/08/2021;59.89;65.98;59.65;62.84;67.62;62.74;60.29;58.31;53.75;62.16;64.34;60.32;67.79;67.42;59.15;62.84;65.29;70.49;56.2;62.48
14/08/2021;59.89;65.98;59.65;62.84;67.62;62.74;60.29;58.31;53.75;62.16;64.34;60.32;67.79;67.42;59.15;62.84;65.29;70.49;56.2;62.48
15/08/2021;59.89;65.98;59.65;62.84;67.62;62.74;60.29;58.31;53.75;62.16;64.34;60.32;67.79;67.42;59.15;62.84;65.29;70.49;56.2;62.48
16/08/2021;60.45;66.58;59.65;63.78;67.62;63.3;60.96;58.42;53.79;63.17;64.65;60.46;68.34;68.51;60.02;63.27;65.7;70.49;56.84;62.95
17/08/2021;60.56;66.58;61.15;64.01;68.08;63.55;61.22;58.64;54.14;63.52;65.1;61.13;68.51;68.53;60.59;64.11;65.87;71.61;57.25;63.38
18/08/2021;61.34;67.11;61.91;64.32;68.65;63.91;61.68;58.89;54.15;63.93;65.45;62.5;69.03;68.64;61.14;64.88;66.11;72.39;58.15;63.9
19/08/2021;62.11;67.8;62.65;64.58;69.41;64.46;62.14;59.21;54.15;64.31;65.72;63.38;69.66;69.67;61.66;65.5;66.73;73.04;58.92;64.48
20/08/2021;65.9;68.48;63.29;64.76;70.01;65.07;62.37;59.59;54.96;64.68;66.18;63.88;70.5;70.85;62.29;66.18;67.29;73.57;59.87;65.25
21/08/2021;65.9;68.48;63.29;64.76;70.01;65.07;62.37;59.59;54.96;64.68;66.18;63.88;70.5;70.85;62.29;66.18;67.29;73.57;59.87;65.25
22/08/2021;65.9;68.48;63.29;64.76;70.01;65.07;62.37;59.59;54.96;64.68;66.18;63.88;70.5;70.85;62.29;66.18;67.29;73.57;59.87;65.25
23/08/2021;66.66;69.03;64.15;66.21;70.94;65.73;63.38;59.88;54.97;65.44;67.16;64.01;70.79;71.01;63.31;66.29;68.18;75.75;60.59;65.97
24/08/2021;67.28;69.25;65.29;66.47;71.34;66.04;63.72;60.07;55;65.74;67.68;64.47;71.02;71.11;64;67.15;68.5;76.07;61.2;66.39
25/08/2021;67.95;69.68;65.95;66.93;71.95;66.55;64.24;60.11;55.29;66.01;68.06;65.43;71.49;72.15;64.49;67.67;69.05;76.55;61.48;66.9
26/08/2021;68.73;70.32;67.08;67.36;72.43;66.55;64.81;60.73;55.33;66.26;68.59;66.41;72.05;72.37;64.86;68.51;69.5;77;64.58;67.55
27/08/2021;69.35;70.97;67.69;67.82;72.66;67.76;65.35;61.1;56.12;66.5;68.83;66.68;72.66;72.7;65.2;69.06;69.96;77.63;64.58;68.03
28/08/2021;69.35;70.97;67.69;67.82;72.66;67.76;65.35;61.1;56.12;66.5;68.83;66.68;72.66;72.7;65.2;69.06;69.96;77.63;64.58;68.03
29/08/2021;69.35;70.97;67.69;67.82;72.66;67.76;65.35;61.1;56.12;66.5;68.83;66.68;72.66;72.7;65.2;69.06;69.96;77.63;64.58;68.03
30/08/2021;69.98;71.75;69.2;67.82;73.06;68.27;66.25;61.59;57.28;66.75;69.84;67.3;73.23;74.13;65.75;69.27;70.52;78.35;67.01;68.81
31/08/2021;70.52;71.87;69.77;68.91;73.3;68.52;66.25;62.15;57.3;67.17;70.1;67.91;73.56;74.2;66.22;70.04;70.79;78.67;68.56;69.25
01/09/2021;71.14;72.23;70.31;69.41;73.81;68.95;67.03;62.46;57.31;67.64;70.42;70.31;74.12;75.35;66.62;70.53;71.3;79.03;69.46;69.86
02/09/2021;71.76;72.81;70.66;69.94;74.14;69.52;67.41;63.19;57.71;68.07;71.16;71.45;74.62;76.43;66.83;71.25;71.92;79.29;70.3;70.45
03/09/2021;72.47;73.36;70.92;70.61;74.8;70.29;68.22;63.26;58.42;68.58;71.74;71.79;75.78;76.68;67.09;71.71;72.64;80.1;70.71;71.01
04/09/2021;72.47;73.36;70.92;70.61;74.8;70.29;68.22;63.26;58.42;68.58;71.74;71.79;75.78;76.68;67.09;71.71;72.64;80.1;70.71;71.01
05/09/2021;72.47;73.36;70.92;70.61;74.8;70.29;68.22;63.26;58.42;68.58;71.74;71.79;75.78;76.68;67.09;71.71;72.64;80.1;70.71;71.01
06/09/2021;73.18;73.65;71.48;71.31;75.48;71;68.96;63.64;58.44;69.67;73.01;71.86;76.4;77.87;67.38;71.98;73.4;80.73;71.33;71.62
07/09/2021;73.46;73.72;71.73;71.73;75.66;71.36;69.31;63.92;58.54;70.15;73.36;72.2;76.93;77.99;67.55;72.8;73.64;80.84;71.65;71.92
08/09/2021;73.95;73.99;71.92;72.19;76.03;71.71;70.26;64.15;58.54;70.58;73.92;74.13;77.64;78.62;67.7;73.43;74.17;80.95;72.07;72.42
09/09/2021;74.31;74.61;72.02;72.67;76.32;72.02;70.51;64.53;58.57;71.03;74.39;74.72;77.8;78.66;67.86;74.21;74.55;81.11;72.5;72.76
10/09/2021;74.84;75.06;72.29;73.43;76.93;72.48;70.76;64.92;59.23;71.37;74.62;74.88;78.65;78.69;68.02;74.85;74.95;81.11;72.92;73.16
11/09/2021;74.84;75.06;72.29;73.43;76.93;72.48;70.76;64.92;59.23;71.37;74.62;74.88;78.65;78.69;68.02;74.85;74.95;81.11;72.92;73.16
12/09/2021;74.84;75.06;72.29;73.43;76.93;72.48;70.76;64.92;59.23;71.37;74.62;74.88;78.65;78.69;68.02;74.85;74.95;81.11;72.92;73.16
13/09/2021;75.37;75.4;72.53;74.1;77.94;72.92;71.14;65.26;59.5;71.71;75.42;75.1;79.48;79.46;68.54;75.14;75.6;82.26;73.37;73.7
14/09/2021;75.37;75.46;72.68;74.1;78.23;73.16;71.3;65.62;59.56;71.98;75.44;75.58;79.73;80.49;68.69;75.72;75.77;82.53;73.37;73.94
15/09/2021;75.97;75.64;72.82;75.79;78.55;73.36;71.42;65.8;59.69;72.24;75.59;75.96;80.12;81.22;68.84;76.15;75.81;82.65;73.64;74.28
16/09/2021;76.29;76.15;72.94;76.22;78.79;73.59;71.64;66.06;59.85;72.54;75.62;76.02;80.47;81.24;68.93;76.7;76.4;82.87;73.91;74.54
17/09/2021;76.37;76.45;73.05;76.82;79.17;73.83;71.81;66.44;59.85;72.8;75.89;76.39;80.81;81.3;69.03;76.87;76.4;83.13;74.19;74.77
18/09/2021;76.37;76.45;73.05;76.82;79.17;73.83;71.81;66.44;59.85;72.8;75.89;76.39;80.81;81.3;69.03;76.87;76.4;83.13;74.19;74.77
19/09/2021;76.37;76.45;73.05;76.82;79.17;73.83;71.81;66.44;59.85;72.8;75.89;76.39;80.81;81.3;69.03;76.87;76.4;83.13;74.19;74.77
20/09/2021;76.68;76.61;73.26;77.86;79.86;74.14;72.18;66.82;60.18;73.74;76.25;76.45;81.15;82.74;69.24;76.96;76.9;83.32;74.34;75.19
21/09/2021;76.68;76.71;73.39;78.09;80.07;74.26;72.3;67.05;60.25;73.93;76.31;77.06;81.25;82.9;69.41;76.96;77.1;83.34;74.43;75.34
22/09/2021;77;76.86;73.51;78.31;80.33;74.39;72.4;67.11;60.37;74.1;76.39;77.39;81.43;83.09;69.54;77.37;77.44;83.43;74.5;75.52
23/09/2021;77.16;77.16;73.62;78.63;80.48;74.55;72.54;67.33;60.57;74.38;76.5;77.44;81.53;83.09;69.73;77.63;77.7;83.49;74.66;75.69
24/09/2021;77.33;77.26;73.7;79.11;80.56;74.69;72.7;67.56;60.96;74.51;76.64;77.71;81.75;83.1;69.88;77.73;77.91;83.71;74.88;75.88
25/09/2021;77.33;77.26;73.7;79.11;80.56;74.69;72.7;67.56;60.96;74.51;76.64;77.71;81.75;83.1;69.88;77.73;77.91;83.71;74.88;75.88
26/09/2021;77.33;77.26;73.7;79.11;80.56;74.69;72.7;67.56;60.96;74.51;76.64;77.71;81.75;83.1;69.88;77.73;77.91;83.71;74.88;75.88
27/09/2021;77.47;77.39;73.87;79.6;80.87;74.85;72.97;67.7;61;74.91;76.88;77.73;81.87;83.26;70;77.8;78.65;84.05;75.04;76.1
28/09/2021;77.58;77.47;73.97;79.72;80.95;74.94;73.06;67.91;61.29;75.05;76.98;77.9;81.95;83.28;70.21;78.12;78.84;84.1;75.1;76.23
29/09/2021;77.67;77.57;74.05;79.9;81.04;75.04;73.16;68.13;61.38;75.2;77.08;78.32;82.06;83.38;70.35;78.25;78.92;84.13;75.21;76.36
30/09/2021;77.75;77.72;74.1;80.12;81.11;75.13;73.31;68.31;61.52;75.34;77.15;78.37;82.11;83.41;70.41;78.4;79.02;84.16;75.31;76.46
01/10/2021;77.87;77.85;74.16;80.4;81.2;75.23;73.45;68.53;61.54;75.47;77.27;78.41;82.31;83.5;70.52;78.49;79.12;84.27;75.49;76.58
02/10/2021;77.87;77.85;74.16;80.4;81.2;75.23;73.45;68.53;61.54;75.47;77.27;78.41;82.31;83.5;70.52;78.49;79.12;84.27;75.49;76.58
03/10/2021;77.87;77.85;74.16;80.4;81.2;75.23;73.45;68.53;61.54;75.47;77.27;78.41;82.31;83.5;70.52;78.49;79.12;84.27;75.49;76.58
04/10/2021;77.96;77.93;74.25;80.68;81.34;75.33;73.65;68.7;61.55;75.8;77.44;78.43;82.38;84;70.59;78.5;79.23;84.46;75.6;76.73
05/10/2021;78.03;77.96;74.31;80.78;81.36;75.38;73.7;68.85;61.85;75.86;77.48;78.44;82.38;84.07;70.7;78.69;79.31;84.47;75.63;76.8
06/10/2021;78.09;78.03;74.35;80.84;81.39;75.44;73.77;69.22;61.86;75.93;77.58;78.52;82.46;84.11;70.79;78.75;79.41;84.48;75.71;76.88
07/10/2021;78.16;78.15;74.39;80.86;81.43;75.51;73.87;69.36;62.06;75.95;77.75;78.6;82.51;84.14;70.85;78.83;79.47;84.49;75.76;76.95
08/10/2021;78.28;78.24;74.44;80.96;81.46;75.58;73.98;69.48;62.08;75.97;77.82;78.66;82.58;84.18;70.93;78.93;79.54;84.52;75.85;77.03
09/10/2021;78.28;78.24;74.44;80.96;81.46;75.58;73.98;69.48;62.08;75.97;77.82;78.66;82.58;84.18;70.93;78.93;79.54;84.52;75.85;77.03
10/10/2021;78.28;78.24;74.44;80.96;81.46;75.58;73.98;69.48;62.08;75.97;77.82;78.66;82.58;84.18;70.93;78.93;79.54;84.52;75.85;77.03
11/10/2021;78.5;78.29;74.5;81.17;81.5;75.66;74.2;69.56;62.08;76.26;77.97;78.7;82.61;84.25;71;78.94;79.6;84.63;75.89;77.12
12/10/2021;78.5;78.29;74.5;81.17;81.5;75.66;74.2;69.56;62.08;76.26;77.97;78.7;82.61;84.25;71;78.94;79.6;84.63;75.89;77.12
13/10/2021;78.55;78.3;74.57;81.23;81.53;75.69;74.26;69.66;62.29;76.33;78.04;78.7;82.64;84.26;71.14;79.06;79.68;84.66;75.92;77.18
14/10/2021;78.65;78.38;74.64;81.31;81.6;75.74;74.36;69.83;62.44;76.37;78.09;78.77;82.7;84.3;71.21;79.12;79.75;84.67;75.96;77.26
15/10/2021;78.71;78.49;74.69;81.35;81.65;75.81;74.44;69.98;62.45;76.43;78.1;78.94;82.78;84.33;71.24;79.17;79.8;84.69;76.08;77.32
16/10/2021;78.71;78.49;74.69;81.35;81.65;75.81;74.44;69.98;62.45;76.43;78.1;78.94;82.78;84.33;71.24;79.17;79.8;84.69;76.08;77.32
17/10/2021;78.71;78.49;74.69;81.35;81.65;75.81;74.44;69.98;62.45;76.43;78.1;78.94;82.78;84.33;71.24;79.17;79.8;84.69;76.08;77.32
18/10/2021;78.76;78.51;74.74;81.41;81.74;75.87;74.6;70.13;62.45;76.58;78.55;78.97;82.8;84.44;71.3;79.19;79.89;84.75;76.12;77.41
19/10/2021;78.76;78.52;74.8;81.41;81.76;75.89;74.65;70.22;62.61;76.62;78.56;78.99;82.81;84.48;71.32;79.33;79.93;84.76;76.16;77.45
20/10/2021;78.76;78.54;74.85;81.48;81.76;75.92;74.69;70.35;62.62;76.65;78.6;79.04;82.84;84.5;71.37;79.33;79.96;84.77;76.27;77.49
21/10/2021;79.41;0.08;74.89;81.55;81.83;75.96;74.76;70.46;62.75;76.69;78.67;79.09;82.87;84.51;71.45;79.39;80;84.78;76.31;73.44
22/10/2021;79.46;78.68;74.94;81.58;81.83;76;74.83;70.6;62.83;76.73;78.67;79.14;82.91;84.54;71.49;79.5;80.04;84.8;76.48;77.63
23/10/2021;79.46;78.68;74.94;81.58;81.83;76;74.83;70.6;62.83;76.73;78.67;79.14;82.91;84.54;71.49;79.5;80.04;84.8;76.48;77.63
24/10/2021;79.46;78.68;74.94;81.58;81.83;76;74.83;70.6;62.83;76.73;78.67;79.14;82.91;84.54;71.49;79.5;80.04;84.8;76.48;77.63
25/10/2021;79.49;78.7;75.21;81.63;81.83;75.89;74.96;70.86;62.83;76.87;78.76;79.17;82.95;84.6;71.55;79.5;80.09;84.86;76.54;77.7
26/10/2021;79.52;78.71;75.24;81.69;81.83;76.12;74.99;71.07;62.89;76.9;78.75;79.18;82.96;84.61;71.58;79.63;80.12;84.87;76.56;77.75
27/10/2021;79.55;78.73;75.27;81.72;81.83;76.14;75.02;71.13;62.93;76.94;78.78;79.21;82.99;84.63;71.61;79.64;80.14;84.88;76.6;77.78
28/10/2021;79.59;78.78;75.3;81.75;81.89;76.18;75.06;71.2;63.2;76.98;78.79;79.25;83.01;84.65;71.73;79.65;80.18;84.88;76.65;77.83
29/10/2021;79.59;78.78;75.3;81.75;81.89;76.18;75.06;71.2;63.2;76.98;78.79;79.25;83.01;84.65;71.73;79.65;80.18;84.88;76.65;77.83
30/10/2021;79.65;78.84;75.36;81.8;81.96;76.35;75.18;71.25;63.24;77.04;78.82;79.28;83.06;84.67;71.75;79.76;80.21;84.98;76.81;77.9
31/10/2021;79.65;78.84;75.36;81.8;81.96;76.35;75.18;71.25;63.24;77.04;78.82;79.28;83.06;84.67;71.75;79.76;80.21;84.98;76.81;77.9
01/11/2021;79.65;78.84;75.36;81.8;81.96;76.35;75.18;71.25;63.24;77.04;78.82;79.28;83.06;84.67;71.75;79.76;80.21;84.98;76.81;77.9
02/11/2021;79.65;78.84;75.36;81.8;81.96;76.35;75.2;71.25;63.24;77.04;78.82;79.28;83.06;84.67;71.75;79.76;80.21;84.98;76.81;77.9
03/11/2021;79.68;78.85;75.43;81.84;82.05;76.39;75.25;71.39;63.35;77.21;78.88;79.32;83.1;84.72;71.83;79.79;80.27;84.98;76.86;77.96
04/11/2021;79.71;78.88;75.45;81.87;82.07;76.42;75.27;71.44;63.47;77.24;78.88;79.35;83.12;84.74;71.95;79.82;80.29;84.98;76.88;77.99
05/11/2021;79.74;78.93;75.48;81.91;82.07;76.44;75.32;71.5;63.5;77.28;78.9;79.38;83.12;84.75;71.98;79.86;80.31;84.99;76.95;78.02
06/11/2021;79.74;78.93;75.48;81.91;82.07;76.44;75.32;71.5;63.5;77.28;78.9;79.38;83.12;84.75;71.98;79.86;80.31;84.99;76.95;78.02
07/11/2021;79.74;78.93;75.48;81.91;82.07;76.44;75.32;71.5;63.5;77.28;78.9;79.38;83.12;84.75;71.98;79.86;80.31;84.99;76.95;78.02
08/11/2021;79.78;78.95;75.5;81.94;82.09;76.47;75.4;71.57;63.53;77.36;78.99;79.4;83.17;84.78;72.01;79.89;80.36;85.02;76.98;78.06
09/11/2021;79.78;78.95;75.5;81.94;82.09;76.47;75.4;71.57;63.53;77.36;78.99;79.4;83.17;84.78;72.01;79.89;80.36;85.02;76.98;78.06
10/11/2021;79.82;78.96;75.55;81.97;82.09;76.51;75.43;71.67;63.64;77.45;79;79.43;83.19;84.8;72.05;79.96;80.4;85.02;77.05;78.1
11/11/2021;79.84;78.96;75.57;82;82.09;76.54;75.46;71.7;63.71;77.48;79.01;79.46;83.22;84.81;72.14;80.01;80.43;85.02;77.07;78.13
12/11/2021;79.87;79.05;75.59;82.03;82.17;76.56;75.5;71.73;63.71;77.52;79.05;79.49;83.26;84.82;72.17;80.01;80.46;85.02;77.13;78.17
13/11/2021;79.87;79.05;75.59;82.03;82.17;76.56;75.5;71.73;63.71;77.52;79.05;79.49;83.26;84.82;72.17;80.01;80.46;85.02;77.13;78.17
14/11/2021;79.87;79.05;75.59;82.03;82.17;76.56;75.5;71.73;63.71;77.52;79.05;79.49;83.26;84.82;72.17;80.01;80.46;85.02;77.13;78.17
15/11/2021;79.91;79.05;75.62;82.26;82.27;76.59;75.57;71.76;63.71;77.62;79.09;79.51;83.28;84.85;72.2;80.1;80.49;85.08;77.19;78.22
16/11/2021;79.93;79.06;75.64;82.26;82.31;76.59;75.59;71.76;63.85;77.62;79.1;79.52;83.29;84.86;72.23;80.13;80.49;85.08;77.21;78.24
17/11/2021;79.95;79.07;75.66;82.26;82.32;76.59;75.62;71.76;63.88;77.62;79.11;79.54;83.3;84.87;72.25;80.13;80.49;85.08;77.21;78.25
18/11/2021;79.98;79.1;75.68;82.18;82.34;76.72;75.66;71.86;63.97;77.71;79.14;79.57;83.31;84.88;72.34;80.17;80.54;85.05;77.25;78.29
19/11/2021;79.98;79.16;75.7;82.16;82.36;76.74;75.7;71.88;64.01;77.74;79.15;79.59;83.34;84.9;72.36;80.17;80.58;85.05;77.31;78.31
20/11/2021;79.98;79.16;75.7;82.16;82.36;76.74;75.7;71.88;64.01;77.74;79.15;79.59;83.34;84.9;72.36;80.17;80.58;85.05;77.31;78.31
21/11/2021;79.98;79.16;75.7;82.16;82.36;76.74;75.7;71.88;64.01;77.74;79.15;79.59;83.34;84.9;72.36;80.17;80.58;85.05;77.31;78.31
22/11/2021;80.04;79.16;75.73;82.19;82.45;76.74;75.8;71.92;64.05;77.85;79.19;79.62;83.36;84.93;72.41;80.19;80.63;85.08;77.35;78.35
23/11/2021;80.06;79.17;75.75;82.2;82.47;76.75;75.82;71.95;64.25;77.87;79.21;79.62;83.37;84.94;72.43;80.23;80.65;85.08;77.51;78.39
24/11/2021;80.09;79.17;75.77;82.23;82.49;76.74;75.84;71.97;64.3;77.9;79.23;79.65;83.38;84.95;72.46;80.23;80.67;85.08;77.53;78.4
25/11/2021;80.12;79.19;75.79;82.25;82.51;76.74;75.88;72;64.3;77.91;79.26;79.68;83.4;84.96;72.54;80.31;80.69;85.08;77.53;78.43
26/11/2021;80.12;79.2;75.79;82.25;82.51;76.77;75.89;72.01;64.3;77.91;79.27;79.68;83.4;84.96;72.55;80.31;80.7;85.08;77.53;78.43
27/11/2021;80.12;79.2;75.79;82.25;82.51;76.77;75.89;72.01;64.3;77.91;79.27;79.68;83.4;84.96;72.55;80.31;80.7;85.08;77.53;78.43
28/11/2021;80.12;79.2;75.79;82.25;82.51;76.77;75.89;72.01;64.3;77.91;79.27;79.68;83.4;84.96;72.55;80.31;80.7;85.08;77.53;78.43
29/11/2021;80.12;79.21;75.79;82.25;82.51;76.76;75.91;72.01;64.39;77.93;79.27;79.68;83.4;84.98;72.56;80.31;80.73;85.1;77.53;78.44
30/11/2021;80.15;79.36;75.83;82.33;82.57;76.77;75.98;72.1;66.3;78.06;79.37;79.68;83.45;84.99;72.63;80.38;80.76;85.12;77.67;78.61
01/12/2021;80.18;79.36;75.85;82.35;82.59;76.78;76.01;72.14;66.36;78.08;79.38;79.68;83.46;85;72.66;80.43;80.78;85.12;77.7;78.63
02/12/2021;80.2;79.41;75.87;82.37;82.63;76.79;76.06;72.16;66.39;78.11;79.4;79.68;83.5;85.02;72.87;80.47;80.79;85.12;77.7;78.66
03/12/2021;80.28;79.47;75.89;82.39;82.63;76.8;76.11;72.17;66.4;78.13;79.43;79.68;83.52;85.06;72.89;80.49;80.81;85.09;77.74;78.68
04/12/2021;80.28;79.47;75.89;82.39;82.63;76.8;76.11;72.17;66.4;78.13;79.43;79.68;83.52;85.06;72.89;80.49;80.81;85.09;77.74;78.68
05/12/2021;80.28;79.47;75.89;82.39;82.63;76.8;76.11;72.17;66.4;78.13;79.43;79.68;83.52;85.06;72.89;80.49;80.81;85.09;77.74;78.68
06/12/2021;80.28;79.47;75.89;82.39;82.63;76.8;76.11;72.17;66.4;78.13;79.43;79.68;83.52;85.06;72.89;80.49;80.81;85.09;77.74;78.68
07/12/2021;80.31;79.48;75.93;82.41;82.71;76.82;76.25;72.2;66.41;78.16;79.43;79.68;83.53;85.1;72.97;80.52;80.8;85.17;77.79;78.72
08/12/2021;80.31;79.48;75.93;82.41;82.71;76.82;76.25;72.2;66.41;78.16;79.43;79.68;83.53;85.1;72.97;80.52;80.8;85.17;77.79;78.72
09/12/2021;80.33;79.49;75.96;82.43;82.73;76.83;76.29;72.25;66.39;78.16;79.43;79.68;83.53;85.1;73.02;80.55;80.8;85.18;77.81;78.73
10/12/2021;80.37;79.55;76;82.43;82.77;77.11;76.33;72.26;66.42;78.16;79.44;79.68;83.55;85.14;73.06;80.57;80.82;85.18;77.84;78.77
11/12/2021;80.37;79.55;76;82.43;82.77;77.11;76.33;72.26;66.42;78.16;79.44;79.68;83.55;85.14;73.06;80.57;80.82;85.18;77.84;78.77
12/12/2021;80.37;79.55;76;82.43;82.77;77.11;76.33;72.26;66.42;78.16;79.44;79.68;83.55;85.14;73.06;80.57;80.82;85.18;77.84;78.77
13/12/2021;80.4;79.56;76.04;82.48;82.9;77.12;76.43;72.26;66.46;78.16;79.43;79.68;83.55;85.17;73.11;80.58;80.88;85.21;77.9;78.81
14/12/2021;80.43;79.57;76.07;82.5;82.92;77.12;76.45;72.27;66.52;78.16;79.44;79.98;83.55;85.17;73.11;80.6;80.87;85.21;77.91;78.83
15/12/2021;80.49;79.58;76.11;82.51;82.95;77.13;76.48;72.28;66.58;78.16;79.44;80.05;83.56;85.17;73.13;80.62;80.88;85.22;77.91;78.86
16/12/2021;80.52;79.63;76.14;82.54;82.97;77.14;76.51;72.3;66.62;78.16;79.47;80.05;83.56;85.17;73.31;80.63;80.89;85.22;78.01;78.89
17/12/2021;80.55;79.69;76.16;82.57;82.98;77.14;76.54;72.33;66.68;78.16;79.5;80.1;83.58;85.17;73.33;80.63;80.91;85.22;78.06;78.91
18/12/2021;80.55;79.69;76.16;82.57;82.98;77.14;76.54;72.33;66.68;78.16;79.5;80.1;83.58;85.17;73.33;80.63;80.91;85.22;78.06;78.91
19/12/2021;80.55;79.69;76.16;82.57;82.98;77.14;76.54;72.33;66.68;78.16;79.5;80.1;83.58;85.17;73.33;80.63;80.91;85.22;78.06;78.91
20/12/2021;80.58;79.7;76.21;82.61;83.03;77.15;76.62;72.41;66.73;78.16;79.6;80.12;83.58;85.17;73.37;80.62;80.91;85.22;78.12;78.94
21/12/2021;80.61;79.7;76.24;82.64;83.08;77.15;76.62;72.45;66.77;78.16;79.62;80.12;83.58;85.17;73.42;80.63;80.94;85.25;78.17;78.96
22/12/2021;80.61;79.71;76.27;82.67;83.11;77.15;76.66;72.48;66.83;78.16;79.62;80.13;83.6;85.17;73.47;80.65;81;85.25;78.5;79
23/12/2021;80.7;79.77;76.3;82.71;83.14;77.16;76.69;72.48;66.85;78.16;79.66;80.15;83.62;85.17;73.62;80.66;81.02;85.24;78.53;79.03
24/12/2021;80.7;79.77;76.3;82.71;83.14;77.16;76.69;72.48;66.85;78.16;79.66;80.15;83.62;85.17;73.62;80.66;81.02;85.24;78.53;79.03
25/12/2021;80.7;79.77;76.3;82.71;83.14;77.16;76.69;72.48;66.85;78.16;79.66;80.15;83.62;85.17;73.62;80.66;81.02;85.24;78.53;79.03
26/12/2021;80.7;79.77;76.3;82.71;83.14;77.16;76.69;72.48;66.85;78.16;79.66;80.15;83.62;85.17;73.62;80.66;81.02;85.24;78.53;79.03
27/12/2021;80.75;79.87;76.33;82.75;83.17;77.17;76.81;72.56;66.89;78.16;79.73;80.17;83.64;85.17;73.66;80.66;81.07;85.29;78.57;79.07
28/12/2021;80.78;79.87;76.35;82.77;83.17;77.17;76.83;72.58;66.92;78.16;79.73;80.17;83.64;85.17;73.7;80.65;81.08;85.27;78.58;79.08
29/12/2021;80.81;79.87;76.37;82.79;83.18;77.17;76.86;72.59;66.94;78.16;79.73;80.17;83.65;85.17;73.72;80.65;81.09;85.27;78.58;79.09
30/12/2021;80.81;79.87;76.37;82.79;83.18;77.17;76.89;72.6;66.96;78.16;79.73;80.17;83.66;85.17;73.77;80.65;81.11;85.27;78.59;79.1
31/12/2021;80.81;79.87;76.37;82.79;83.18;77.17;76.89;72.6;66.96;78.16;79.73;80.17;83.66;85.17;73.77;80.65;81.11;85.27;78.59;79.1
01/01/2022;80.81;79.87;76.37;82.79;83.18;77.17;76.89;72.6;66.96;78.16;79.73;80.17;83.66;85.17;73.77;80.65;81.11;85.27;78.59;79.1
02/01/2022;80.81;79.87;76.37;82.79;83.18;77.17;76.89;72.6;66.96;78.16;79.73;80.17;83.66;85.17;73.77;80.65;81.11;85.27;78.59;79.1
03/01/2022;80.97;80.2;76.47;83.09;83.27;77.64;77.23;72.78;67.36;78.72;80.1;80.52;83.88;85.53;74;80.99;81.53;85.41;78.7;79.39
04/01/2022;81;80.21;76.51;83.13;83.29;77.66;77.25;72.79;67.38;78.74;80.12;80.54;83.89;85.55;74.05;81;81.55;85.41;78.73;79.41
05/01/2022;81.03;80.24;76.54;83.17;83.32;77.68;77.29;72.81;67.39;78.77;80.12;80.57;83.91;85.56;74.12;81.01;81.57;85.42;78.77;79.44
06/01/2022;81.03;80.24;76.54;83.17;83.32;77.68;77.29;72.81;67.39;78.77;80.12;80.57;83.91;85.56;74.12;81.01;81.57;85.42;78.77;79.44
07/01/2022;81.05;80.29;76.56;83.22;83.33;77.7;77.33;72.83;67.45;78.79;80.15;80.59;83.93;85.56;74.18;81.02;81.58;85.42;78.77;79.46
08/01/2022;81.05;80.29;76.56;83.22;83.33;77.7;77.33;72.83;67.45;78.79;80.15;80.59;83.93;85.56;74.18;81.02;81.58;85.42;78.77;79.46
09/01/2022;81.05;80.29;76.56;83.22;83.33;77.7;77.33;72.83;67.45;78.79;80.15;80.59;83.93;85.56;74.18;81.02;81.58;85.42;78.77;79.46
10/01/2022;81.08;80.33;76.62;83.28;83.37;77.73;77.44;72.86;67.44;78.85;80.23;80.61;83.96;85.61;74.32;81.03;81.66;85.48;78.81;79.51
11/01/2022;81.11;80.35;76.66;83.32;83.39;77.8;77.49;72.88;67.54;78.87;80.25;80.64;83.97;85.62;74.36;81.06;81.69;85.48;78.84;79.54
12/01/2022;81.14;80.38;76.69;83.36;83.41;77.83;77.54;72.9;67.59;78.89;80.26;80.67;83.98;85.64;74.4;81.08;81.73;85.48;78.88;79.57
13/01/2022;81.18;80.43;76.72;83.4;83.44;77.87;77.59;72.92;67.62;78.91;80.29;80.69;83.99;85.65;74.54;81.42;81.76;85.49;78.88;79.62
14/01/2022;81.22;80.49;76.75;83.43;83.47;77.9;77.65;72.94;67.65;78.94;80.32;80.73;84.02;85.69;74.58;81.46;81.8;85.49;78.96;79.66
15/01/2022;81.22;80.49;76.75;83.43;83.47;77.9;77.65;72.94;67.65;78.94;80.32;80.73;84.02;85.69;74.58;81.46;81.8;85.49;78.96;79.66
16/01/2022;81.22;80.49;76.75;83.43;83.47;77.9;77.65;72.94;67.65;78.94;80.32;80.73;84.02;85.69;74.58;81.46;81.8;85.49;78.96;79.66
17/01/2022;81.24;80.53;76.79;83.44;83.57;77.93;77.8;72.97;67.67;78.99;80.33;80.75;84.02;85.73;74.62;81.49;81.92;85.51;79.04;79.7
18/01/2022;81.27;80.55;76.83;83.47;83.59;78.1;77.83;73;67.71;79.01;80.36;80.77;84.03;85.74;74.64;81.52;81.95;85.51;79.09;79.74
19/01/2022;81.3;80.57;76.83;83.5;83.61;78.13;77.87;73.02;67.73;79.03;80.37;80.8;84.04;85.75;74.67;81.55;81.98;85.51;79.13;79.76
20/01/2022;81.34;80.59;76.89;83.52;83.63;78.15;77.87;73.05;67.75;79.06;80.39;80.83;84.05;85.77;74.67;81.57;82.01;85.52;79.17;79.78
21/01/2022;81.38;80.66;76.92;83.54;83.65;78.17;77.95;73.11;67.78;79.04;80.4;80.86;84.08;85.78;74.68;81.63;82.04;85.52;79.21;79.81
22/01/2022;81.38;80.66;76.92;83.54;83.65;78.17;77.95;73.11;67.78;79.04;80.4;80.86;84.08;85.78;74.68;81.63;82.04;85.52;79.21;79.81
23/01/2022;81.38;80.66;76.92;83.54;83.65;78.17;77.95;73.11;67.78;79.04;80.4;80.86;84.08;85.78;74.68;81.63;82.04;85.52;79.21;79.81
24/01/2022;81.4;80.66;76.94;83.56;83.71;78.2;78;75.2;67.79;79.06;80.43;80.88;84.1;85.79;74.7;81.65;82.09;85.58;79.24;79.95
25/01/2022;81.42;80.67;76.97;83.59;83.73;78.23;78.05;75.22;67.8;79.08;80.46;80.89;84.1;85.81;74.73;81.67;82.13;85.58;79.26;79.97
26/01/2022;81.44;80.69;77.1;83.63;83.74;78.2;78.07;75.24;67.83;79.1;80.46;80.91;84.11;85.82;74.76;81.68;82.15;85.58;79.29;79.99
27/01/2022;81.47;80.71;77.12;83.63;83.76;78.22;78.09;75.26;67.84;79.11;80.59;80.93;84.12;85.83;74.87;81.71;82.17;85.56;79.29;80.01
28/01/2022;81.49;80.73;77.12;83.63;83.77;78.23;78.12;75.28;67.85;79.13;80.6;80.95;84.14;85.84;74.89;81.72;82.18;85.57;79.34;80.03
29/01/2022;81.49;80.73;77.12;83.63;83.77;78.23;78.12;75.28;67.85;79.13;80.6;80.95;84.14;85.84;74.89;81.72;82.18;85.57;79.34;80.03
30/01/2022;81.49;80.73;77.12;83.63;83.77;78.23;78.12;75.28;67.85;79.13;80.6;80.95;84.14;85.84;74.89;81.72;82.18;85.57;79.34;80.03
31/01/2022;81.51;80.74;77.16;83.75;83.79;77.93;78.16;75.32;67.88;79.17;80.62;80.96;84.15;85.85;74.93;81.73;82.21;85.66;79.37;80.05
01/02/2022;81.53;80.74;77.18;83.76;83.79;77.93;78.18;75.34;67.91;79.18;80.64;80.96;84.16;85.86;74.96;81.75;82.23;85.66;79.39;80.06
02/02/2022;81.55;80.75;77.2;83.78;83.81;77.93;78.22;75.36;67.92;79.2;80.65;80.99;84.16;85.87;74.97;81.75;82.25;85.66;79.4;80.07
03/02/2022;81.56;80.79;77.22;83.79;83.82;77.93;78.23;75.41;67.92;79.21;80.65;81;84.17;85.88;75.05;81.77;82.26;85.67;79.41;80.09
04/02/2022;81.58;80.81;77.24;83.8;83.83;77.93;78.24;75.42;67.94;79.21;80.66;81.01;84.19;85.88;75.07;81.77;82.27;85.67;79.43;80.1
05/02/2022;81.58;80.81;77.24;83.8;83.83;77.93;78.24;75.42;67.94;79.21;80.66;81.01;84.19;85.88;75.07;81.77;82.27;85.67;79.43;80.1
06/02/2022;81.58;80.81;77.24;83.8;83.83;77.93;78.24;75.42;67.94;79.21;80.66;81.01;84.19;85.88;75.07;81.77;82.27;85.67;79.43;80.1
07/02/2022;81.59;80.82;77.28;83.82;83.85;77.93;78.27;75.45;68.15;79.25;80.67;81.03;84.2;85.9;75.1;81.78;82.3;85.67;79.45;80.13
08/02/2022;81.61;80.83;77.3;83.83;83.86;78.82;78.28;75.46;68.16;79.27;80.68;81.04;84.21;85.91;75.11;81.79;82.31;85.67;79.46;80.19
09/02/2022;81.62;80.84;77.32;83.85;83.87;78.82;78.33;75.48;68.17;79.28;80.69;81.05;84.22;85.92;75.12;81.8;82.33;85.69;79.47;80.2
10/02/2022;81.64;80.85;77.34;83.86;83.89;78.84;78.35;75.48;68.17;79.29;80.7;81.06;84.22;85.93;75.15;81.81;82.34;85.69;79.47;80.21
11/02/2022;81.65;80.87;77.36;83.86;83.9;78.86;78.36;75.48;68.17;79.31;80.7;81.08;84.24;85.93;75.15;81.81;82.35;85.69;79.47;80.22
12/02/2022;81.65;80.87;77.36;83.86;83.9;78.86;78.36;75.48;68.17;79.31;80.7;81.08;84.24;85.93;75.15;81.81;82.35;85.69;79.47;80.22
13/02/2022;81.65;80.87;77.36;83.86;83.9;78.86;78.36;75.48;68.17;79.31;80.7;81.08;84.24;85.93;75.15;81.81;82.35;85.69;79.47;80.22
14/02/2022;81.67;80.88;77.39;83.88;83.91;78.87;78.4;75.48;68.2;79.33;80.72;81.09;84.25;85.93;75.17;81.84;82.37;85.73;79.47;80.24
15/02/2022;81.67;80.88;77.4;83.89;83.91;78.87;78.41;75.48;68.21;79.34;80.73;81.1;84.25;85.95;75.18;81.85;82.37;85.73;79.47;80.25
16/02/2022;81.69;80.9;77.41;83.89;83.93;78.87;78.42;75.48;68.22;79.36;80.74;81.11;84.26;85.96;75.18;81.86;82.38;85.74;79.47;80.26
17/02/2022;82.96;81.93;77.95;84.75;85.13;80.1;79.02;76.34;69.23;80.01;81.87;81.61;85.48;87.01;75.64;82.96;83.29;86.7;80.44;81.18
18/02/2022;83.04;82.04;78.03;84.82;85.27;80.15;79.07;76.42;69.3;80.05;81.93;81.61;85.54;87.17;75.67;83.03;83.36;86.76;80.53;81.25
19/02/2022;83.04;82.04;78.03;84.82;85.27;80.15;79.07;76.42;69.3;80.05;81.93;81.61;85.54;87.17;75.67;83.03;83.36;86.76;80.53;81.25
20/02/2022;83.04;82.04;78.03;84.82;85.27;80.15;79.07;76.42;69.3;80.05;81.93;81.61;85.54;87.17;75.67;83.03;83.36;86.76;80.53;81.25
21/02/2022;83.06;82.06;78.14;84.92;85.32;80.17;79.17;76.49;69.39;80.05;82.03;81.63;85.6;87.18;75.69;83.08;83.43;86.84;80.56;81.31
22/02/2022;83.12;82.15;78.22;85.19;85.36;79.96;79.17;74.23;69.45;80.05;82.1;81.64;85.62;87.19;75.76;83.14;83.5;86.86;80.16;81.2
23/02/2022;83.18;82.24;78.3;85.26;85.4;79.99;79.25;74.32;69.45;80.05;82.17;82.42;85.65;87.19;0.08;83.23;83.58;86.92;80.23;77.31
24/02/2022;83.18;82.3;78.37;85.29;85.45;79.99;79.3;74.42;69.46;80.05;82.25;82.44;85.67;87.19;0.08;83.23;83.66;86.96;80.28;77.35
25/02/2022;83.28;82.39;78.43;85.37;85.48;80.04;79.35;74.44;69.54;80.05;82.33;82.81;85.71;87.2;75.87;83.23;83.82;87.02;80.36;81.41
26/02/2022;83.28;82.39;78.43;85.37;85.48;80.04;79.35;74.44;69.54;80.05;82.33;82.81;85.71;87.2;75.87;83.23;83.82;87.02;80.36;81.41
27/02/2022;83.28;82.39;78.43;85.37;85.48;80.04;79.35;74.44;69.54;80.05;82.33;82.81;85.71;87.2;75.87;83.23;83.82;87.02;80.36;81.41
28/02/2022;83.3;82.4;78.51;85.67;85.49;80.06;79.47;74.49;69.54;80.47;82.33;82.83;85.73;87.24;75.88;83.3;83.87;87.09;80.4;81.48
01/03/2022;83.31;82.44;78.58;85.7;85.52;80.12;79.52;74.58;69.57;80.51;82.43;82.84;85.74;87.24;75.95;83.3;83.93;87.09;80.53;81.52
02/03/2022;83.36;82.58;78.62;85.83;85.62;80.13;79.57;74.61;69.57;80.55;82.43;82.85;85.74;87.24;76;83.31;83.99;87.15;80.67;81.57
03/03/2022;83.4;82.58;78.68;85.83;85.7;80.13;79.62;74.65;69.57;80.6;82.73;82.87;85.76;87.24;76.02;83.47;84.07;87.17;80.75;81.62
04/03/2022;83.42;82.7;78.73;85.84;85.76;80.17;79.66;74.66;69.61;80.64;82.73;82.88;85.77;87.52;76.02;83.54;84.09;87.17;80.76;81.67
